REGION,SETTLEMENTDATE,TOTALDEMAND,RRP,PERIODTYPE
TAS1,2020/12/01 00:30:00,867.63,38.34,TRADE
TAS1,2020/12/01 01:00:00,868.69,38.14,TRADE
TAS1,2020/12/01 01:30:00,864.06,33.72,TRADE
TAS1,2020/12/01 02:00:00,852.23,32.32,TRADE
TAS1,2020/12/01 02:30:00,863,34.25,TRADE
TAS1,2020/12/01 03:00:00,854.32,25.58,TRADE
TAS1,2020/12/01 03:30:00,845.9,33.98,TRADE
TAS1,2020/12/01 04:00:00,880.57,36.15,TRADE
TAS1,2020/12/01 04:30:00,887.27,37.42,TRADE
TAS1,2020/12/01 05:00:00,914.42,42.01,TRADE
TAS1,2020/12/01 05:30:00,976.83,49.86,TRADE
TAS1,2020/12/01 06:00:00,1021.02,36.51,TRADE
TAS1,2020/12/01 06:30:00,1069.4,23.87,TRADE
TAS1,2020/12/01 07:00:00,1118.6,42.84,TRADE
TAS1,2020/12/01 07:30:00,1115.69,96.86,TRADE
TAS1,2020/12/01 08:00:00,1116.93,157.03,TRADE
TAS1,2020/12/01 08:30:00,1092.02,80.33,TRADE
TAS1,2020/12/01 09:00:00,1070.53,80.32,TRADE
TAS1,2020/12/01 09:30:00,1078.56,80.29,TRADE
TAS1,2020/12/01 10:00:00,1046.89,37.63,TRADE
TAS1,2020/12/01 10:30:00,1013.94,63.08,TRADE
TAS1,2020/12/01 11:00:00,962.73,52.67,TRADE
TAS1,2020/12/01 11:30:00,964.03,38.63,TRADE
TAS1,2020/12/01 12:00:00,966.33,19.82,TRADE
TAS1,2020/12/01 12:30:00,974.94,30.63,TRADE
TAS1,2020/12/01 13:00:00,999.47,21.72,TRADE
TAS1,2020/12/01 13:30:00,987.62,19.13,TRADE
TAS1,2020/12/01 14:00:00,991.7,-13.62,TRADE
TAS1,2020/12/01 14:30:00,983.68,8.44,TRADE
TAS1,2020/12/01 15:00:00,975.64,5.30,TRADE
TAS1,2020/12/01 15:30:00,964.57,-15.32,TRADE
TAS1,2020/12/01 16:00:00,946.87,-8.66,TRADE
TAS1,2020/12/01 16:30:00,999.66,27.13,TRADE
TAS1,2020/12/01 17:00:00,1006.48,71.68,TRADE
TAS1,2020/12/01 17:30:00,1016.4,47.32,TRADE
TAS1,2020/12/01 18:00:00,1041.84,37.19,TRADE
TAS1,2020/12/01 18:30:00,1032.26,39.83,TRADE
TAS1,2020/12/01 19:00:00,1030.93,37.10,TRADE
TAS1,2020/12/01 19:30:00,999.39,26.62,TRADE
TAS1,2020/12/01 20:00:00,1052.21,39.38,TRADE
TAS1,2020/12/01 20:30:00,1063.91,37.76,TRADE
TAS1,2020/12/01 21:00:00,992.78,36.66,TRADE
TAS1,2020/12/01 21:30:00,965.06,41.12,TRADE
TAS1,2020/12/01 22:00:00,941.94,31.70,TRADE
TAS1,2020/12/01 22:30:00,973.59,116.78,TRADE
TAS1,2020/12/01 23:00:00,874.02,17.59,TRADE
TAS1,2020/12/01 23:30:00,868.19,32.44,TRADE
TAS1,2020/12/02 00:00:00,851.82,37.91,TRADE
TAS1,2020/12/02 00:30:00,839.14,20,TRADE
TAS1,2020/12/02 01:00:00,824.82,14.39,TRADE
TAS1,2020/12/02 01:30:00,865.23,38.95,TRADE
TAS1,2020/12/02 02:00:00,863.52,21.50,TRADE
TAS1,2020/12/02 02:30:00,840.72,15.93,TRADE
TAS1,2020/12/02 03:00:00,892.23,42.63,TRADE
TAS1,2020/12/02 03:30:00,855.28,21.89,TRADE
TAS1,2020/12/02 04:00:00,848.52,33.39,TRADE
TAS1,2020/12/02 04:30:00,881.94,41.69,TRADE
TAS1,2020/12/02 05:00:00,913.41,35.49,TRADE
TAS1,2020/12/02 05:30:00,992.47,45.15,TRADE
TAS1,2020/12/02 06:00:00,1047.62,50.10,TRADE
TAS1,2020/12/02 06:30:00,1094.38,50.20,TRADE
TAS1,2020/12/02 07:00:00,1110.71,45.73,TRADE
TAS1,2020/12/02 07:30:00,1077.1,32.64,TRADE
TAS1,2020/12/02 08:00:00,1024.93,27.74,TRADE
TAS1,2020/12/02 08:30:00,960.52,110.38,TRADE
TAS1,2020/12/02 09:00:00,961.22,46.70,TRADE
TAS1,2020/12/02 09:30:00,941.76,35.47,TRADE
TAS1,2020/12/02 10:00:00,890.01,36.11,TRADE
TAS1,2020/12/02 10:30:00,895.07,35.54,TRADE
TAS1,2020/12/02 11:00:00,895.96,36.47,TRADE
TAS1,2020/12/02 11:30:00,891.03,38.02,TRADE
TAS1,2020/12/02 12:00:00,889.3,37.03,TRADE
TAS1,2020/12/02 12:30:00,895.23,37.29,TRADE
TAS1,2020/12/02 13:00:00,894.56,37.32,TRADE
TAS1,2020/12/02 13:30:00,898.73,38.25,TRADE
TAS1,2020/12/02 14:00:00,896.11,35.76,TRADE
TAS1,2020/12/02 14:30:00,917.26,35.68,TRADE
TAS1,2020/12/02 15:00:00,925.75,52.93,TRADE
TAS1,2020/12/02 15:30:00,939.31,37.64,TRADE
TAS1,2020/12/02 16:00:00,955.72,27.02,TRADE
TAS1,2020/12/02 16:30:00,1020.68,29.40,TRADE
TAS1,2020/12/02 17:00:00,1085.09,16.90,TRADE
TAS1,2020/12/02 17:30:00,1092.74,11.86,TRADE
TAS1,2020/12/02 18:00:00,1117.33,11.86,TRADE
TAS1,2020/12/02 18:30:00,1138.48,35.11,TRADE
TAS1,2020/12/02 19:00:00,1127.48,40.36,TRADE
TAS1,2020/12/02 19:30:00,1151.77,40.98,TRADE
TAS1,2020/12/02 20:00:00,1138.04,42.31,TRADE
TAS1,2020/12/02 20:30:00,1152.7,50.03,TRADE
TAS1,2020/12/02 21:00:00,1159.97,43.86,TRADE
TAS1,2020/12/02 21:30:00,1122.52,40.92,TRADE
TAS1,2020/12/02 22:00:00,1075.42,47.39,TRADE
TAS1,2020/12/02 22:30:00,1061.5,48.74,TRADE
TAS1,2020/12/02 23:00:00,1044.19,42.41,TRADE
TAS1,2020/12/02 23:30:00,1016.86,40.57,TRADE
TAS1,2020/12/03 00:00:00,1014.04,41.54,TRADE
TAS1,2020/12/03 00:30:00,991.77,41.98,TRADE
TAS1,2020/12/03 01:00:00,964.3,52.73,TRADE
TAS1,2020/12/03 01:30:00,975.23,47.28,TRADE
TAS1,2020/12/03 02:00:00,968.6,41.71,TRADE
TAS1,2020/12/03 02:30:00,960.24,38.29,TRADE
TAS1,2020/12/03 03:00:00,911.71,30.44,TRADE
TAS1,2020/12/03 03:30:00,911.27,37.62,TRADE
TAS1,2020/12/03 04:00:00,915.76,41.32,TRADE
TAS1,2020/12/03 04:30:00,953.85,44.99,TRADE
TAS1,2020/12/03 05:00:00,1049.47,52.19,TRADE
TAS1,2020/12/03 05:30:00,1123.82,46.91,TRADE
TAS1,2020/12/03 06:00:00,1191.55,58.72,TRADE
TAS1,2020/12/03 06:30:00,1238.64,58.44,TRADE
TAS1,2020/12/03 07:00:00,1232.19,56.77,TRADE
TAS1,2020/12/03 07:30:00,1185.57,107.70,TRADE
TAS1,2020/12/03 08:00:00,1132.25,43.82,TRADE
TAS1,2020/12/03 08:30:00,1138.68,68.01,TRADE
TAS1,2020/12/03 09:00:00,1124.55,49.28,TRADE
TAS1,2020/12/03 09:30:00,1099.89,66.31,TRADE
TAS1,2020/12/03 10:00:00,1074.51,35.98,TRADE
TAS1,2020/12/03 10:30:00,1065.86,35.34,TRADE
TAS1,2020/12/03 11:00:00,1063.43,44.42,TRADE
TAS1,2020/12/03 11:30:00,1062.09,68.14,TRADE
TAS1,2020/12/03 12:00:00,1047.33,66.97,TRADE
TAS1,2020/12/03 12:30:00,1046.34,38.02,TRADE
TAS1,2020/12/03 13:00:00,1021.41,37.88,TRADE
TAS1,2020/12/03 13:30:00,1011.15,92.75,TRADE
TAS1,2020/12/03 14:00:00,1043.87,83.65,TRADE
TAS1,2020/12/03 14:30:00,999.35,36.28,TRADE
TAS1,2020/12/03 15:00:00,997.31,36.38,TRADE
TAS1,2020/12/03 15:30:00,1023.18,36.01,TRADE
TAS1,2020/12/03 16:00:00,1106.59,37.66,TRADE
TAS1,2020/12/03 16:30:00,1107.15,36.36,TRADE
TAS1,2020/12/03 17:00:00,1170.54,39.61,TRADE
TAS1,2020/12/03 17:30:00,1180.97,37.94,TRADE
TAS1,2020/12/03 18:00:00,1210.12,30.08,TRADE
TAS1,2020/12/03 18:30:00,1179.49,12.58,TRADE
TAS1,2020/12/03 19:00:00,1163.35,5.53,TRADE
TAS1,2020/12/03 19:30:00,1183.68,-9.75,TRADE
TAS1,2020/12/03 20:00:00,1164.89,16.55,TRADE
TAS1,2020/12/03 20:30:00,1181.6,52.53,TRADE
TAS1,2020/12/03 21:00:00,1171.45,27.15,TRADE
TAS1,2020/12/03 21:30:00,1138.16,39.01,TRADE
TAS1,2020/12/03 22:00:00,1099.47,43.66,TRADE
TAS1,2020/12/03 22:30:00,1066.95,36.89,TRADE
TAS1,2020/12/03 23:00:00,1050.65,46.22,TRADE
TAS1,2020/12/03 23:30:00,1028.35,44.89,TRADE
TAS1,2020/12/04 00:00:00,999.17,44.34,TRADE
TAS1,2020/12/04 00:30:00,969.52,60.91,TRADE
TAS1,2020/12/04 01:00:00,962.52,56.96,TRADE
TAS1,2020/12/04 01:30:00,955.17,42.31,TRADE
TAS1,2020/12/04 02:00:00,955.39,54.33,TRADE
TAS1,2020/12/04 02:30:00,954.96,46.67,TRADE
TAS1,2020/12/04 03:00:00,945.76,52.02,TRADE
TAS1,2020/12/04 03:30:00,945.75,45.39,TRADE
TAS1,2020/12/04 04:00:00,968.66,43.91,TRADE
TAS1,2020/12/04 04:30:00,974.27,42.97,TRADE
TAS1,2020/12/04 05:00:00,996.28,35.87,TRADE
TAS1,2020/12/04 05:30:00,1026.06,42.43,TRADE
TAS1,2020/12/04 06:00:00,1062.08,38.85,TRADE
TAS1,2020/12/04 06:30:00,1090.84,36.58,TRADE
TAS1,2020/12/04 07:00:00,1114.46,47.46,TRADE
TAS1,2020/12/04 07:30:00,1087.73,52.87,TRADE
TAS1,2020/12/04 08:00:00,1089.97,46.14,TRADE
TAS1,2020/12/04 08:30:00,1067.79,49.90,TRADE
TAS1,2020/12/04 09:00:00,1035.48,50.70,TRADE
TAS1,2020/12/04 09:30:00,1011.29,50.34,TRADE
TAS1,2020/12/04 10:00:00,967.6,48.77,TRADE
TAS1,2020/12/04 10:30:00,987.04,50.34,TRADE
TAS1,2020/12/04 11:00:00,971.94,50.34,TRADE
TAS1,2020/12/04 11:30:00,974.98,33.56,TRADE
TAS1,2020/12/04 12:00:00,956.61,31.72,TRADE
TAS1,2020/12/04 12:30:00,968.93,33.38,TRADE
TAS1,2020/12/04 13:00:00,950.08,30.17,TRADE
TAS1,2020/12/04 13:30:00,954.55,23.28,TRADE
TAS1,2020/12/04 14:00:00,946.53,23.58,TRADE
TAS1,2020/12/04 14:30:00,950.1,22.74,TRADE
TAS1,2020/12/04 15:00:00,956.71,47.88,TRADE
TAS1,2020/12/04 15:30:00,977.06,41.17,TRADE
TAS1,2020/12/04 16:00:00,997.07,49.46,TRADE
TAS1,2020/12/04 16:30:00,1016.23,7.81,TRADE
TAS1,2020/12/04 17:00:00,1049.52,37.37,TRADE
TAS1,2020/12/04 17:30:00,1095.88,27.61,TRADE
TAS1,2020/12/04 18:00:00,1106.95,11.86,TRADE
TAS1,2020/12/04 18:30:00,1123.15,11.86,TRADE
TAS1,2020/12/04 19:00:00,1149.41,11.87,TRADE
TAS1,2020/12/04 19:30:00,1158.65,11.87,TRADE
TAS1,2020/12/04 20:00:00,1179.68,11.88,TRADE
TAS1,2020/12/04 20:30:00,1170.65,50.51,TRADE
TAS1,2020/12/04 21:00:00,1129.96,49.01,TRADE
TAS1,2020/12/04 21:30:00,1120.62,38.75,TRADE
TAS1,2020/12/04 22:00:00,1096.96,37.54,TRADE
TAS1,2020/12/04 22:30:00,1062.65,41.81,TRADE
TAS1,2020/12/04 23:00:00,1032.88,25.07,TRADE
TAS1,2020/12/04 23:30:00,1001.5,112.10,TRADE
TAS1,2020/12/05 00:00:00,990.72,38.75,TRADE
TAS1,2020/12/05 00:30:00,988.67,29.82,TRADE
TAS1,2020/12/05 01:00:00,973.26,33.35,TRADE
TAS1,2020/12/05 01:30:00,975.18,27.27,TRADE
TAS1,2020/12/05 02:00:00,979.47,30.41,TRADE
TAS1,2020/12/05 02:30:00,960.04,20.80,TRADE
TAS1,2020/12/05 03:00:00,927.99,11.84,TRADE
TAS1,2020/12/05 03:30:00,921.25,11.83,TRADE
TAS1,2020/12/05 04:00:00,923.44,11.84,TRADE
TAS1,2020/12/05 04:30:00,939.65,9.57,TRADE
TAS1,2020/12/05 05:00:00,941.24,11.13,TRADE
TAS1,2020/12/05 05:30:00,935.8,13.93,TRADE
TAS1,2020/12/05 06:00:00,944.84,25.65,TRADE
TAS1,2020/12/05 06:30:00,964.15,34.76,TRADE
TAS1,2020/12/05 07:00:00,976.84,34.73,TRADE
TAS1,2020/12/05 07:30:00,988.09,34.90,TRADE
TAS1,2020/12/05 08:00:00,984.7,35.19,TRADE
TAS1,2020/12/05 08:30:00,981.98,16.06,TRADE
TAS1,2020/12/05 09:00:00,982.02,4.60,TRADE
TAS1,2020/12/05 09:30:00,982.83,5.51,TRADE
TAS1,2020/12/05 10:00:00,981.46,0.74,TRADE
TAS1,2020/12/05 10:30:00,980.62,3.61,TRADE
TAS1,2020/12/05 11:00:00,935.21,22.78,TRADE
TAS1,2020/12/05 11:30:00,956.71,-11.20,TRADE
TAS1,2020/12/05 12:00:00,930.79,1.45,TRADE
TAS1,2020/12/05 12:30:00,933.12,-14.13,TRADE
TAS1,2020/12/05 13:00:00,925.31,9.39,TRADE
TAS1,2020/12/05 13:30:00,927.3,1.45,TRADE
TAS1,2020/12/05 14:00:00,938.27,-5.40,TRADE
TAS1,2020/12/05 14:30:00,975.27,-1.79,TRADE
TAS1,2020/12/05 15:00:00,999.63,-1.81,TRADE
TAS1,2020/12/05 15:30:00,1035.5,16.80,TRADE
TAS1,2020/12/05 16:00:00,1015.44,0.72,TRADE
TAS1,2020/12/05 16:30:00,1083.13,27.71,TRADE
TAS1,2020/12/05 17:00:00,1128.05,37.63,TRADE
TAS1,2020/12/05 17:30:00,1136.34,14.03,TRADE
TAS1,2020/12/05 18:00:00,1098.64,-22.19,TRADE
TAS1,2020/12/05 18:30:00,1073.29,-7.50,TRADE
TAS1,2020/12/05 19:00:00,1043.97,-2.98,TRADE
TAS1,2020/12/05 19:30:00,1015.17,6.07,TRADE
TAS1,2020/12/05 20:00:00,1019.92,28.09,TRADE
TAS1,2020/12/05 20:30:00,998.98,40.34,TRADE
TAS1,2020/12/05 21:00:00,994.13,-1.51,TRADE
TAS1,2020/12/05 21:30:00,989.81,9.53,TRADE
TAS1,2020/12/05 22:00:00,966.91,-12.40,TRADE
TAS1,2020/12/05 22:30:00,944.77,-8.83,TRADE
TAS1,2020/12/05 23:00:00,918.57,-25.93,TRADE
TAS1,2020/12/05 23:30:00,879.31,-7.38,TRADE
TAS1,2020/12/06 00:00:00,881.43,4.16,TRADE
TAS1,2020/12/06 00:30:00,876.81,-5.50,TRADE
TAS1,2020/12/06 01:00:00,867.6,-5.21,TRADE
TAS1,2020/12/06 01:30:00,876.4,-38.49,TRADE
TAS1,2020/12/06 02:00:00,884.21,-49.39,TRADE
TAS1,2020/12/06 02:30:00,880.88,-41.64,TRADE
TAS1,2020/12/06 03:00:00,867.33,-44.09,TRADE
TAS1,2020/12/06 03:30:00,875.9,-40.63,TRADE
TAS1,2020/12/06 04:00:00,860.98,-39.86,TRADE
TAS1,2020/12/06 04:30:00,884.4,-39.81,TRADE
TAS1,2020/12/06 05:00:00,888.88,-41,TRADE
TAS1,2020/12/06 05:30:00,887.25,-38.68,TRADE
TAS1,2020/12/06 06:00:00,907.61,-40.82,TRADE
TAS1,2020/12/06 06:30:00,917.35,-40.43,TRADE
TAS1,2020/12/06 07:00:00,924.96,-31.23,TRADE
TAS1,2020/12/06 07:30:00,947.2,-29.24,TRADE
TAS1,2020/12/06 08:00:00,971.36,-32.91,TRADE
TAS1,2020/12/06 08:30:00,976.69,-13.09,TRADE
TAS1,2020/12/06 09:00:00,978.15,-39.58,TRADE
TAS1,2020/12/06 09:30:00,963.96,-27.69,TRADE
TAS1,2020/12/06 10:00:00,950.63,-38.81,TRADE
TAS1,2020/12/06 10:30:00,954.24,-48.81,TRADE
TAS1,2020/12/06 11:00:00,945.78,-44.33,TRADE
TAS1,2020/12/06 11:30:00,923.2,-47.34,TRADE
TAS1,2020/12/06 12:00:00,896.46,-70.53,TRADE
TAS1,2020/12/06 12:30:00,910.55,-47.29,TRADE
TAS1,2020/12/06 13:00:00,883.66,-49.48,TRADE
TAS1,2020/12/06 13:30:00,900.33,-30.46,TRADE
TAS1,2020/12/06 14:00:00,889.99,-43.51,TRADE
TAS1,2020/12/06 14:30:00,934.17,-41.92,TRADE
TAS1,2020/12/06 15:00:00,942.41,-39.81,TRADE
TAS1,2020/12/06 15:30:00,931.44,-41.12,TRADE
TAS1,2020/12/06 16:00:00,957.58,-36.65,TRADE
TAS1,2020/12/06 16:30:00,992.52,-29.73,TRADE
TAS1,2020/12/06 17:00:00,1022.14,-28.59,TRADE
TAS1,2020/12/06 17:30:00,1045.67,-27.64,TRADE
TAS1,2020/12/06 18:00:00,1070.06,-11.80,TRADE
TAS1,2020/12/06 18:30:00,1069.12,-21.97,TRADE
TAS1,2020/12/06 19:00:00,1069.63,-34.42,TRADE
TAS1,2020/12/06 19:30:00,1075.3,-25.74,TRADE
TAS1,2020/12/06 20:00:00,1082.84,-12.18,TRADE
TAS1,2020/12/06 20:30:00,1080.43,-13.73,TRADE
TAS1,2020/12/06 21:00:00,1051.85,-19.64,TRADE
TAS1,2020/12/06 21:30:00,1014.78,-45.86,TRADE
TAS1,2020/12/06 22:00:00,984.31,-41.40,TRADE
TAS1,2020/12/06 22:30:00,961.43,-63.65,TRADE
TAS1,2020/12/06 23:00:00,929.64,-50.88,TRADE
TAS1,2020/12/06 23:30:00,907.92,-26.03,TRADE
TAS1,2020/12/07 00:00:00,882.89,-33.92,TRADE
TAS1,2020/12/07 00:30:00,872.17,-52.52,TRADE
TAS1,2020/12/07 01:00:00,881.36,-62.41,TRADE
TAS1,2020/12/07 01:30:00,871.72,-56.99,TRADE
TAS1,2020/12/07 02:00:00,875.81,-59.20,TRADE
TAS1,2020/12/07 02:30:00,877.95,-56.15,TRADE
TAS1,2020/12/07 03:00:00,867.1,-52.63,TRADE
TAS1,2020/12/07 03:30:00,885.1,-52.49,TRADE
TAS1,2020/12/07 04:00:00,900.52,-42.87,TRADE
TAS1,2020/12/07 04:30:00,928.06,-29.68,TRADE
TAS1,2020/12/07 05:00:00,950.67,-55.31,TRADE
TAS1,2020/12/07 05:30:00,1018.36,2.90,TRADE
TAS1,2020/12/07 06:00:00,1077.15,10.56,TRADE
TAS1,2020/12/07 06:30:00,1137.86,10.35,TRADE
TAS1,2020/12/07 07:00:00,1172.63,18.34,TRADE
TAS1,2020/12/07 07:30:00,1160.94,5.53,TRADE
TAS1,2020/12/07 08:00:00,1143.88,3.07,TRADE
TAS1,2020/12/07 08:30:00,1090.2,9.80,TRADE
TAS1,2020/12/07 09:00:00,1096.64,4.57,TRADE
TAS1,2020/12/07 09:30:00,1052.87,22.77,TRADE
TAS1,2020/12/07 10:00:00,1041.09,46.77,TRADE
TAS1,2020/12/07 10:30:00,1054.55,11.47,TRADE
TAS1,2020/12/07 11:00:00,1041.77,-17.05,TRADE
TAS1,2020/12/07 11:30:00,1026.7,-22.42,TRADE
TAS1,2020/12/07 12:00:00,1005.02,6.30,TRADE
TAS1,2020/12/07 12:30:00,1003.04,-17.51,TRADE
TAS1,2020/12/07 13:00:00,1001.48,26.57,TRADE
TAS1,2020/12/07 13:30:00,1000.61,451.04,TRADE
TAS1,2020/12/07 14:00:00,979.11,5.81,TRADE
TAS1,2020/12/07 14:30:00,1026.66,11.47,TRADE
TAS1,2020/12/07 15:00:00,1022.85,-10.18,TRADE
TAS1,2020/12/07 15:30:00,1000.25,-16.59,TRADE
TAS1,2020/12/07 16:00:00,999.59,6.36,TRADE
TAS1,2020/12/07 16:30:00,1021.99,1.98,TRADE
TAS1,2020/12/07 17:00:00,1043.31,-6.51,TRADE
TAS1,2020/12/07 17:30:00,1055,7.85,TRADE
TAS1,2020/12/07 18:00:00,1075.72,-0.44,TRADE
TAS1,2020/12/07 18:30:00,1080.27,9.86,TRADE
TAS1,2020/12/07 19:00:00,1064.13,1.18,TRADE
TAS1,2020/12/07 19:30:00,1075.99,8.85,TRADE
TAS1,2020/12/07 20:00:00,1072.61,11.30,TRADE
TAS1,2020/12/07 20:30:00,1065.5,10.16,TRADE
TAS1,2020/12/07 21:00:00,1062.01,11.78,TRADE
TAS1,2020/12/07 21:30:00,1047.91,11.48,TRADE
TAS1,2020/12/07 22:00:00,994.98,11.49,TRADE
TAS1,2020/12/07 22:30:00,964.95,13.90,TRADE
TAS1,2020/12/07 23:00:00,906.17,8.16,TRADE
TAS1,2020/12/07 23:30:00,978.01,30.45,TRADE
TAS1,2020/12/08 00:00:00,936.06,39.40,TRADE
TAS1,2020/12/08 00:30:00,938.16,28.85,TRADE
TAS1,2020/12/08 01:00:00,926.32,17.13,TRADE
TAS1,2020/12/08 01:30:00,932.11,13.46,TRADE
TAS1,2020/12/08 02:00:00,944.13,17.47,TRADE
TAS1,2020/12/08 02:30:00,918.78,10.91,TRADE
TAS1,2020/12/08 03:00:00,927.52,10.38,TRADE
TAS1,2020/12/08 03:30:00,945.01,10.80,TRADE
TAS1,2020/12/08 04:00:00,934,28.45,TRADE
TAS1,2020/12/08 04:30:00,963.06,29.19,TRADE
TAS1,2020/12/08 05:00:00,1018.9,24.32,TRADE
TAS1,2020/12/08 05:30:00,1091.13,44.91,TRADE
TAS1,2020/12/08 06:00:00,1163.51,47.85,TRADE
TAS1,2020/12/08 06:30:00,1214.12,47.37,TRADE
TAS1,2020/12/08 07:00:00,1237.15,43.67,TRADE
TAS1,2020/12/08 07:30:00,1199.97,30.54,TRADE
TAS1,2020/12/08 08:00:00,1185.26,49.20,TRADE
TAS1,2020/12/08 08:30:00,1134.38,33.63,TRADE
TAS1,2020/12/08 09:00:00,1075.59,36.86,TRADE
TAS1,2020/12/08 09:30:00,1058.08,34.14,TRADE
TAS1,2020/12/08 10:00:00,1048.34,34.54,TRADE
TAS1,2020/12/08 10:30:00,1026.53,34.23,TRADE
TAS1,2020/12/08 11:00:00,1019.19,30.07,TRADE
TAS1,2020/12/08 11:30:00,994.94,13.77,TRADE
TAS1,2020/12/08 12:00:00,997.7,7.02,TRADE
TAS1,2020/12/08 12:30:00,1021.03,13.35,TRADE
TAS1,2020/12/08 13:00:00,1034.53,27.05,TRADE
TAS1,2020/12/08 13:30:00,1015.72,20.20,TRADE
TAS1,2020/12/08 14:00:00,957.84,13.46,TRADE
TAS1,2020/12/08 14:30:00,1045.89,15.22,TRADE
TAS1,2020/12/08 15:00:00,1067.42,23.51,TRADE
TAS1,2020/12/08 15:30:00,1097.59,29.15,TRADE
TAS1,2020/12/08 16:00:00,1130.81,28.17,TRADE
TAS1,2020/12/08 16:30:00,1126.89,17.10,TRADE
TAS1,2020/12/08 17:00:00,1140.99,28.97,TRADE
TAS1,2020/12/08 17:30:00,1147.98,31.47,TRADE
TAS1,2020/12/08 18:00:00,1152.55,35.84,TRADE
TAS1,2020/12/08 18:30:00,1143.5,32.77,TRADE
TAS1,2020/12/08 19:00:00,1140.59,27.32,TRADE
TAS1,2020/12/08 19:30:00,1133.23,18.84,TRADE
TAS1,2020/12/08 20:00:00,1136.38,23.19,TRADE
TAS1,2020/12/08 20:30:00,1138.72,28.79,TRADE
TAS1,2020/12/08 21:00:00,1118.11,27.57,TRADE
TAS1,2020/12/08 21:30:00,1087.88,31.84,TRADE
TAS1,2020/12/08 22:00:00,990.56,-11.51,TRADE
TAS1,2020/12/08 22:30:00,1012.5,11.80,TRADE
TAS1,2020/12/08 23:00:00,1012.53,11.80,TRADE
TAS1,2020/12/08 23:30:00,985.84,-2.32,TRADE
TAS1,2020/12/09 00:00:00,974.51,11.78,TRADE
TAS1,2020/12/09 00:30:00,969.82,11.78,TRADE
TAS1,2020/12/09 01:00:00,952.84,19.78,TRADE
TAS1,2020/12/09 01:30:00,944.89,34.74,TRADE
TAS1,2020/12/09 02:00:00,934.66,35.26,TRADE
TAS1,2020/12/09 02:30:00,925.43,34.88,TRADE
TAS1,2020/12/09 03:00:00,927.86,34.14,TRADE
TAS1,2020/12/09 03:30:00,933.16,33.72,TRADE
TAS1,2020/12/09 04:00:00,941.06,34.41,TRADE
TAS1,2020/12/09 04:30:00,978.03,37.30,TRADE
TAS1,2020/12/09 05:00:00,1011.65,39.24,TRADE
TAS1,2020/12/09 05:30:00,1050.94,43.84,TRADE
TAS1,2020/12/09 06:00:00,1102.23,40.35,TRADE
TAS1,2020/12/09 06:30:00,1114.2,40.34,TRADE
TAS1,2020/12/09 07:00:00,1124.4,37.59,TRADE
TAS1,2020/12/09 07:30:00,1099.21,40.34,TRADE
TAS1,2020/12/09 08:00:00,1114.26,29.82,TRADE
TAS1,2020/12/09 08:30:00,1108.28,33.66,TRADE
TAS1,2020/12/09 09:00:00,1096.23,32.08,TRADE
TAS1,2020/12/09 09:30:00,1072.5,6.18,TRADE
TAS1,2020/12/09 10:00:00,1016.86,30.21,TRADE
TAS1,2020/12/09 10:30:00,1007.43,30.81,TRADE
TAS1,2020/12/09 11:00:00,1037.46,21.73,TRADE
TAS1,2020/12/09 11:30:00,1031.82,11.56,TRADE
TAS1,2020/12/09 12:00:00,1012.15,12.43,TRADE
TAS1,2020/12/09 12:30:00,1010.16,20.75,TRADE
TAS1,2020/12/09 13:00:00,988.82,19.27,TRADE
TAS1,2020/12/09 13:30:00,991.17,13.87,TRADE
TAS1,2020/12/09 14:00:00,1001.57,25.52,TRADE
TAS1,2020/12/09 14:30:00,996.38,22.94,TRADE
TAS1,2020/12/09 15:00:00,969.85,28.57,TRADE
TAS1,2020/12/09 15:30:00,953.73,24.82,TRADE
TAS1,2020/12/09 16:00:00,969.93,8.73,TRADE
TAS1,2020/12/09 16:30:00,988.61,9.81,TRADE
TAS1,2020/12/09 17:00:00,1042.34,46.16,TRADE
TAS1,2020/12/09 17:30:00,1085.66,47.07,TRADE
TAS1,2020/12/09 18:00:00,1123.72,39.94,TRADE
TAS1,2020/12/09 18:30:00,1124.59,39.77,TRADE
TAS1,2020/12/09 19:00:00,1123.37,15.83,TRADE
TAS1,2020/12/09 19:30:00,1123.71,11.84,TRADE
TAS1,2020/12/09 20:00:00,1144.62,11.84,TRADE
TAS1,2020/12/09 20:30:00,1125.7,1.42,TRADE
TAS1,2020/12/09 21:00:00,1096.06,35.47,TRADE
TAS1,2020/12/09 21:30:00,1064.94,38.99,TRADE
TAS1,2020/12/09 22:00:00,1016.3,54.90,TRADE
TAS1,2020/12/09 22:30:00,973.71,37.36,TRADE
TAS1,2020/12/09 23:00:00,939.24,28.63,TRADE
TAS1,2020/12/09 23:30:00,940.89,38.66,TRADE
TAS1,2020/12/10 00:00:00,924.04,39.54,TRADE
TAS1,2020/12/10 00:30:00,914.38,32.33,TRADE
TAS1,2020/12/10 01:00:00,910.7,33.76,TRADE
TAS1,2020/12/10 01:30:00,906.08,30.43,TRADE
TAS1,2020/12/10 02:00:00,899.16,12.89,TRADE
TAS1,2020/12/10 02:30:00,899.05,3.55,TRADE
TAS1,2020/12/10 03:00:00,905.14,15.02,TRADE
TAS1,2020/12/10 03:30:00,903,17.50,TRADE
TAS1,2020/12/10 04:00:00,911.82,30.72,TRADE
TAS1,2020/12/10 04:30:00,925.81,34.65,TRADE
TAS1,2020/12/10 05:00:00,973.1,35.26,TRADE
TAS1,2020/12/10 05:30:00,1029.92,29.51,TRADE
TAS1,2020/12/10 06:00:00,1096.69,36.36,TRADE
TAS1,2020/12/10 06:30:00,1117.03,26.13,TRADE
TAS1,2020/12/10 07:00:00,1090.07,28.54,TRADE
TAS1,2020/12/10 07:30:00,1082.6,6.36,TRADE
TAS1,2020/12/10 08:00:00,1075.89,8.88,TRADE
TAS1,2020/12/10 08:30:00,1077.9,122.82,TRADE
TAS1,2020/12/10 09:00:00,1073.35,115.98,TRADE
TAS1,2020/12/10 09:30:00,1031.21,40.33,TRADE
TAS1,2020/12/10 10:00:00,979.6,40.32,TRADE
TAS1,2020/12/10 10:30:00,977.75,39.68,TRADE
TAS1,2020/12/10 11:00:00,970.55,40.32,TRADE
TAS1,2020/12/10 11:30:00,952.41,29.82,TRADE
TAS1,2020/12/10 12:00:00,951.65,50.52,TRADE
TAS1,2020/12/10 12:30:00,942.32,41.65,TRADE
TAS1,2020/12/10 13:00:00,962.4,46.17,TRADE
TAS1,2020/12/10 13:30:00,977.84,47.93,TRADE
TAS1,2020/12/10 14:00:00,974.81,50.32,TRADE
TAS1,2020/12/10 14:30:00,956.94,47.71,TRADE
TAS1,2020/12/10 15:00:00,970.68,50.32,TRADE
TAS1,2020/12/10 15:30:00,970.28,47,TRADE
TAS1,2020/12/10 16:00:00,1016.52,50.32,TRADE
TAS1,2020/12/10 16:30:00,1032.97,50.32,TRADE
TAS1,2020/12/10 17:00:00,1059.34,44.14,TRADE
TAS1,2020/12/10 17:30:00,1077.91,43.93,TRADE
TAS1,2020/12/10 18:00:00,1101.55,30.13,TRADE
TAS1,2020/12/10 18:30:00,1122.98,45.07,TRADE
TAS1,2020/12/10 19:00:00,1135.38,39.95,TRADE
TAS1,2020/12/10 19:30:00,1123.41,5.27,TRADE
TAS1,2020/12/10 20:00:00,1138.05,19.61,TRADE
TAS1,2020/12/10 20:30:00,1145.47,34.93,TRADE
TAS1,2020/12/10 21:00:00,1139.56,19.06,TRADE
TAS1,2020/12/10 21:30:00,1086.93,-0.64,TRADE
TAS1,2020/12/10 22:00:00,1068.9,23.10,TRADE
TAS1,2020/12/10 22:30:00,1070.12,34.57,TRADE
TAS1,2020/12/10 23:00:00,1054,34.43,TRADE
TAS1,2020/12/10 23:30:00,1040.57,32.12,TRADE
TAS1,2020/12/11 00:00:00,1016.09,34.79,TRADE
TAS1,2020/12/11 00:30:00,1003.39,23.62,TRADE
TAS1,2020/12/11 01:00:00,975.89,5.39,TRADE
TAS1,2020/12/11 01:30:00,965.63,20.22,TRADE
TAS1,2020/12/11 02:00:00,972.64,20.21,TRADE
TAS1,2020/12/11 02:30:00,983.16,25.72,TRADE
TAS1,2020/12/11 03:00:00,966.29,21.52,TRADE
TAS1,2020/12/11 03:30:00,962.87,30.12,TRADE
TAS1,2020/12/11 04:00:00,1005.72,35.43,TRADE
TAS1,2020/12/11 04:30:00,1031.77,37.22,TRADE
TAS1,2020/12/11 05:00:00,1058.17,38.64,TRADE
TAS1,2020/12/11 05:30:00,1090.18,41.03,TRADE
TAS1,2020/12/11 06:00:00,1136.08,9.08,TRADE
TAS1,2020/12/11 06:30:00,1215.04,12.78,TRADE
TAS1,2020/12/11 07:00:00,1256.87,40.32,TRADE
TAS1,2020/12/11 07:30:00,1244.66,-0.75,TRADE
TAS1,2020/12/11 08:00:00,1230.48,46.55,TRADE
TAS1,2020/12/11 08:30:00,1232.41,-25.27,TRADE
TAS1,2020/12/11 09:00:00,1190.56,53.99,TRADE
TAS1,2020/12/11 09:30:00,1150.79,61.20,TRADE
TAS1,2020/12/11 10:00:00,1115.2,41.05,TRADE
TAS1,2020/12/11 10:30:00,1075.83,40.32,TRADE
TAS1,2020/12/11 11:00:00,1042.67,40.32,TRADE
TAS1,2020/12/11 11:30:00,1012.85,40.32,TRADE
TAS1,2020/12/11 12:00:00,997.03,40.32,TRADE
TAS1,2020/12/11 12:30:00,962.47,40.32,TRADE
TAS1,2020/12/11 13:00:00,946.01,40.32,TRADE
TAS1,2020/12/11 13:30:00,947.84,40.32,TRADE
TAS1,2020/12/11 14:00:00,958.63,40.32,TRADE
TAS1,2020/12/11 14:30:00,975.88,40.32,TRADE
TAS1,2020/12/11 15:00:00,998.1,40.25,TRADE
TAS1,2020/12/11 15:30:00,1026.22,40.32,TRADE
TAS1,2020/12/11 16:00:00,1049.51,40.32,TRADE
TAS1,2020/12/11 16:30:00,1086.93,40.32,TRADE
TAS1,2020/12/11 17:00:00,1121.56,40.32,TRADE
TAS1,2020/12/11 17:30:00,1154.72,38.34,TRADE
TAS1,2020/12/11 18:00:00,1188.32,14.58,TRADE
TAS1,2020/12/11 18:30:00,1213.13,32.87,TRADE
TAS1,2020/12/11 19:00:00,1208.15,34.40,TRADE
TAS1,2020/12/11 19:30:00,1186.15,5.45,TRADE
TAS1,2020/12/11 20:00:00,1184.48,18.41,TRADE
TAS1,2020/12/11 20:30:00,1192.02,38.30,TRADE
TAS1,2020/12/11 21:00:00,1172.78,36.95,TRADE
TAS1,2020/12/11 21:30:00,1141.35,35.20,TRADE
TAS1,2020/12/11 22:00:00,1117.96,35.98,TRADE
TAS1,2020/12/11 22:30:00,1108.82,40.22,TRADE
TAS1,2020/12/11 23:00:00,1079.64,39.15,TRADE
TAS1,2020/12/11 23:30:00,1055.18,40.29,TRADE
TAS1,2020/12/12 00:00:00,1038.35,38.63,TRADE
TAS1,2020/12/12 00:30:00,1035.74,37.65,TRADE
TAS1,2020/12/12 01:00:00,1016.37,36.39,TRADE
TAS1,2020/12/12 01:30:00,1002.61,23.31,TRADE
TAS1,2020/12/12 02:00:00,1008.09,11.94,TRADE
TAS1,2020/12/12 02:30:00,1000.37,32.06,TRADE
TAS1,2020/12/12 03:00:00,983.07,23.24,TRADE
TAS1,2020/12/12 03:30:00,994.33,25.30,TRADE
TAS1,2020/12/12 04:00:00,980.18,10.14,TRADE
TAS1,2020/12/12 04:30:00,978.33,-0.46,TRADE
TAS1,2020/12/12 05:00:00,999.53,-14.19,TRADE
TAS1,2020/12/12 05:30:00,1018.02,8.42,TRADE
TAS1,2020/12/12 06:00:00,1023.48,40.32,TRADE
TAS1,2020/12/12 06:30:00,1048.48,40.32,TRADE
TAS1,2020/12/12 07:00:00,1052.33,39.49,TRADE
TAS1,2020/12/12 07:30:00,1050.52,40.32,TRADE
TAS1,2020/12/12 08:00:00,1041.2,40.32,TRADE
TAS1,2020/12/12 08:30:00,1024.2,40.32,TRADE
TAS1,2020/12/12 09:00:00,1022.42,40.68,TRADE
TAS1,2020/12/12 09:30:00,1009.07,40.32,TRADE
TAS1,2020/12/12 10:00:00,991.04,40.32,TRADE
TAS1,2020/12/12 10:30:00,970.21,40.32,TRADE
TAS1,2020/12/12 11:00:00,948.69,40.32,TRADE
TAS1,2020/12/12 11:30:00,928.68,40.32,TRADE
TAS1,2020/12/12 12:00:00,919.83,40.32,TRADE
TAS1,2020/12/12 12:30:00,885.35,40.32,TRADE
TAS1,2020/12/12 13:00:00,904.66,40.32,TRADE
TAS1,2020/12/12 13:30:00,902.59,34.99,TRADE
TAS1,2020/12/12 14:00:00,910.53,39.83,TRADE
TAS1,2020/12/12 14:30:00,914.43,18.16,TRADE
TAS1,2020/12/12 15:00:00,922.02,27.02,TRADE
TAS1,2020/12/12 15:30:00,935.33,18.69,TRADE
TAS1,2020/12/12 16:00:00,970.04,32.77,TRADE
TAS1,2020/12/12 16:30:00,968.1,33.45,TRADE
TAS1,2020/12/12 17:00:00,1003.36,36.46,TRADE
TAS1,2020/12/12 17:30:00,1041.9,18.34,TRADE
TAS1,2020/12/12 18:00:00,1076.56,37.11,TRADE
TAS1,2020/12/12 18:30:00,1078.58,46.51,TRADE
TAS1,2020/12/12 19:00:00,1087.25,38.54,TRADE
TAS1,2020/12/12 19:30:00,1098.3,32.08,TRADE
TAS1,2020/12/12 20:00:00,1106.64,36.91,TRADE
TAS1,2020/12/12 20:30:00,1099.52,35.19,TRADE
TAS1,2020/12/12 21:00:00,1072.14,36.51,TRADE
TAS1,2020/12/12 21:30:00,1050.97,41.86,TRADE
TAS1,2020/12/12 22:00:00,1011.85,37.62,TRADE
TAS1,2020/12/12 22:30:00,979.5,35.25,TRADE
TAS1,2020/12/12 23:00:00,962.94,21.43,TRADE
TAS1,2020/12/12 23:30:00,959.77,25.98,TRADE
TAS1,2020/12/13 00:00:00,940.22,15.66,TRADE
TAS1,2020/12/13 00:30:00,921.34,20.86,TRADE
TAS1,2020/12/13 01:00:00,916.13,31.68,TRADE
TAS1,2020/12/13 01:30:00,915.28,33.28,TRADE
TAS1,2020/12/13 02:00:00,908.51,23.29,TRADE
TAS1,2020/12/13 02:30:00,920.63,-9.67,TRADE
TAS1,2020/12/13 03:00:00,920.82,-9.39,TRADE
TAS1,2020/12/13 03:30:00,912.82,15.53,TRADE
TAS1,2020/12/13 04:00:00,912.86,40.32,TRADE
TAS1,2020/12/13 04:30:00,919.58,20.34,TRADE
TAS1,2020/12/13 05:00:00,934.67,9.43,TRADE
TAS1,2020/12/13 05:30:00,935.83,29.21,TRADE
TAS1,2020/12/13 06:00:00,930.97,40.32,TRADE
TAS1,2020/12/13 06:30:00,947.95,40.32,TRADE
TAS1,2020/12/13 07:00:00,962.46,41,TRADE
TAS1,2020/12/13 07:30:00,963.33,41.34,TRADE
TAS1,2020/12/13 08:00:00,980.4,40.66,TRADE
TAS1,2020/12/13 08:30:00,995.47,41.34,TRADE
TAS1,2020/12/13 09:00:00,975.11,40.66,TRADE
TAS1,2020/12/13 09:30:00,961.76,40.32,TRADE
TAS1,2020/12/13 10:00:00,950.58,40.32,TRADE
TAS1,2020/12/13 10:30:00,949.05,40.32,TRADE
TAS1,2020/12/13 11:00:00,921,40.32,TRADE
TAS1,2020/12/13 11:30:00,920.21,40.32,TRADE
TAS1,2020/12/13 12:00:00,920.71,40.32,TRADE
TAS1,2020/12/13 12:30:00,909.5,40.32,TRADE
TAS1,2020/12/13 13:00:00,919.63,38.56,TRADE
TAS1,2020/12/13 13:30:00,925.25,4.01,TRADE
TAS1,2020/12/13 14:00:00,932.32,22.16,TRADE
TAS1,2020/12/13 14:30:00,940.59,27.77,TRADE
TAS1,2020/12/13 15:00:00,946.08,31.03,TRADE
TAS1,2020/12/13 15:30:00,971.59,24.30,TRADE
TAS1,2020/12/13 16:00:00,1011.83,33.78,TRADE
TAS1,2020/12/13 16:30:00,1048.09,38.90,TRADE
TAS1,2020/12/13 17:00:00,1094.46,15.20,TRADE
TAS1,2020/12/13 17:30:00,1107.11,21.32,TRADE
TAS1,2020/12/13 18:00:00,1116.72,25.64,TRADE
TAS1,2020/12/13 18:30:00,1127.77,11.83,TRADE
TAS1,2020/12/13 19:00:00,1129.32,11.83,TRADE
TAS1,2020/12/13 19:30:00,1122.26,3.50,TRADE
TAS1,2020/12/13 20:00:00,1123.23,-0.66,TRADE
TAS1,2020/12/13 20:30:00,1123.52,-0.66,TRADE
TAS1,2020/12/13 21:00:00,1088.81,34.82,TRADE
TAS1,2020/12/13 21:30:00,1052.47,38.39,TRADE
TAS1,2020/12/13 22:00:00,1005.74,27.93,TRADE
TAS1,2020/12/13 22:30:00,979.23,44.26,TRADE
TAS1,2020/12/13 23:00:00,953.39,18.06,TRADE
TAS1,2020/12/13 23:30:00,937.59,10.56,TRADE
TAS1,2020/12/14 00:00:00,926.42,-0.03,TRADE
TAS1,2020/12/14 00:30:00,919.39,9.21,TRADE
TAS1,2020/12/14 01:00:00,908.37,9.66,TRADE
TAS1,2020/12/14 01:30:00,899.74,6.06,TRADE
TAS1,2020/12/14 02:00:00,899.16,7.70,TRADE
TAS1,2020/12/14 02:30:00,903.63,9.73,TRADE
TAS1,2020/12/14 03:00:00,900.73,17.09,TRADE
TAS1,2020/12/14 03:30:00,912.38,12.91,TRADE
TAS1,2020/12/14 04:00:00,929.68,8.86,TRADE
TAS1,2020/12/14 04:30:00,960.91,9.71,TRADE
TAS1,2020/12/14 05:00:00,998.17,5,TRADE
TAS1,2020/12/14 05:30:00,1036.49,9.85,TRADE
TAS1,2020/12/14 06:00:00,1084.05,22.62,TRADE
TAS1,2020/12/14 06:30:00,1119.9,38.74,TRADE
TAS1,2020/12/14 07:00:00,1134.1,39.57,TRADE
TAS1,2020/12/14 07:30:00,1119.37,39.92,TRADE
TAS1,2020/12/14 08:00:00,1098.54,39.26,TRADE
TAS1,2020/12/14 08:30:00,1084.24,39.44,TRADE
TAS1,2020/12/14 09:00:00,1074.96,43.41,TRADE
TAS1,2020/12/14 09:30:00,1047.18,88.46,TRADE
TAS1,2020/12/14 10:00:00,1019.98,28.60,TRADE
TAS1,2020/12/14 10:30:00,1004.5,44.71,TRADE
TAS1,2020/12/14 11:00:00,1009.41,40.06,TRADE
TAS1,2020/12/14 11:30:00,1034.24,39.84,TRADE
TAS1,2020/12/14 12:00:00,1025.74,40.14,TRADE
TAS1,2020/12/14 12:30:00,1018.84,37.73,TRADE
TAS1,2020/12/14 13:00:00,1020.87,45.75,TRADE
TAS1,2020/12/14 13:30:00,1025.8,45.28,TRADE
TAS1,2020/12/14 14:00:00,1067.34,60.34,TRADE
TAS1,2020/12/14 14:30:00,1097.71,28.81,TRADE
TAS1,2020/12/14 15:00:00,1100.82,11.82,TRADE
TAS1,2020/12/14 15:30:00,1102.21,11.83,TRADE
TAS1,2020/12/14 16:00:00,1144.09,11.83,TRADE
TAS1,2020/12/14 16:30:00,1177.91,11.82,TRADE
TAS1,2020/12/14 17:00:00,1181.71,11.82,TRADE
TAS1,2020/12/14 17:30:00,1186.23,11.82,TRADE
TAS1,2020/12/14 18:00:00,1194.11,11.82,TRADE
TAS1,2020/12/14 18:30:00,1186.99,11.82,TRADE
TAS1,2020/12/14 19:00:00,1184.85,11.82,TRADE
TAS1,2020/12/14 19:30:00,1173.57,11.82,TRADE
TAS1,2020/12/14 20:00:00,1145.76,11.84,TRADE
TAS1,2020/12/14 20:30:00,1137.68,40.52,TRADE
TAS1,2020/12/14 21:00:00,1129.32,41.03,TRADE
TAS1,2020/12/14 21:30:00,1120.22,40.97,TRADE
TAS1,2020/12/14 22:00:00,1077.74,42.01,TRADE
TAS1,2020/12/14 22:30:00,1018.15,42.47,TRADE
TAS1,2020/12/14 23:00:00,1022.23,46.49,TRADE
TAS1,2020/12/14 23:30:00,989.63,41.34,TRADE
TAS1,2020/12/15 00:00:00,1006.97,41.34,TRADE
TAS1,2020/12/15 00:30:00,1015.8,41.34,TRADE
TAS1,2020/12/15 01:00:00,1017.82,41.34,TRADE
TAS1,2020/12/15 01:30:00,991.7,48.72,TRADE
TAS1,2020/12/15 02:00:00,978.65,52.12,TRADE
TAS1,2020/12/15 02:30:00,984.78,52.59,TRADE
TAS1,2020/12/15 03:00:00,980.94,55.44,TRADE
TAS1,2020/12/15 03:30:00,973.83,53.89,TRADE
TAS1,2020/12/15 04:00:00,995.73,50.72,TRADE
TAS1,2020/12/15 04:30:00,1032.27,50.81,TRADE
TAS1,2020/12/15 05:00:00,1070.97,55.53,TRADE
TAS1,2020/12/15 05:30:00,1131.22,57.83,TRADE
TAS1,2020/12/15 06:00:00,1164.83,61.41,TRADE
TAS1,2020/12/15 06:30:00,1194.47,60.57,TRADE
TAS1,2020/12/15 07:00:00,1226.27,85.90,TRADE
TAS1,2020/12/15 07:30:00,1227.95,56.33,TRADE
TAS1,2020/12/15 08:00:00,1213.53,64.44,TRADE
TAS1,2020/12/15 08:30:00,1222.18,136.41,TRADE
TAS1,2020/12/15 09:00:00,1195.85,75.25,TRADE
TAS1,2020/12/15 09:30:00,1172.87,74.98,TRADE
TAS1,2020/12/15 10:00:00,1117.89,55.03,TRADE
TAS1,2020/12/15 10:30:00,1088.68,54.89,TRADE
TAS1,2020/12/15 11:00:00,1071.18,57.78,TRADE
TAS1,2020/12/15 11:30:00,1076.24,58.90,TRADE
TAS1,2020/12/15 12:00:00,1070.64,80.10,TRADE
TAS1,2020/12/15 12:30:00,1053.61,52.32,TRADE
TAS1,2020/12/15 13:00:00,1063.19,40.37,TRADE
TAS1,2020/12/15 13:30:00,1054.58,41.36,TRADE
TAS1,2020/12/15 14:00:00,1049.37,40.36,TRADE
TAS1,2020/12/15 14:30:00,1077.02,40.36,TRADE
TAS1,2020/12/15 15:00:00,1071.57,21.72,TRADE
TAS1,2020/12/15 15:30:00,1092.45,32.64,TRADE
TAS1,2020/12/15 16:00:00,1094.97,37.58,TRADE
TAS1,2020/12/15 16:30:00,1116.57,35.75,TRADE
TAS1,2020/12/15 17:00:00,1145.52,35.71,TRADE
TAS1,2020/12/15 17:30:00,1135.04,10.94,TRADE
TAS1,2020/12/15 18:00:00,1126.38,31.36,TRADE
TAS1,2020/12/15 18:30:00,1117.69,33.84,TRADE
TAS1,2020/12/15 19:00:00,1113.59,30.83,TRADE
TAS1,2020/12/15 19:30:00,1095.11,12.73,TRADE
TAS1,2020/12/15 20:00:00,1082.77,40.73,TRADE
TAS1,2020/12/15 20:30:00,1087.23,42.14,TRADE
TAS1,2020/12/15 21:00:00,1076.93,35.69,TRADE
TAS1,2020/12/15 21:30:00,1059.41,40.67,TRADE
TAS1,2020/12/15 22:00:00,1040.12,35.20,TRADE
TAS1,2020/12/15 22:30:00,1016.96,32.66,TRADE
TAS1,2020/12/15 23:00:00,999.17,30.80,TRADE
TAS1,2020/12/15 23:30:00,981.05,25.13,TRADE
TAS1,2020/12/16 00:00:00,971.93,31.89,TRADE
TAS1,2020/12/16 00:30:00,975.67,30.16,TRADE
TAS1,2020/12/16 01:00:00,993.46,32.68,TRADE
TAS1,2020/12/16 01:30:00,984.01,42.67,TRADE
TAS1,2020/12/16 02:00:00,987,34.68,TRADE
TAS1,2020/12/16 02:30:00,988.65,34.06,TRADE
TAS1,2020/12/16 03:00:00,1002.07,34.02,TRADE
TAS1,2020/12/16 03:30:00,1011.3,32.92,TRADE
TAS1,2020/12/16 04:00:00,1026.59,36.48,TRADE
TAS1,2020/12/16 04:30:00,1049.19,45.14,TRADE
TAS1,2020/12/16 05:00:00,1071.77,54.92,TRADE
TAS1,2020/12/16 05:30:00,1120.53,47.85,TRADE
TAS1,2020/12/16 06:00:00,1160.24,46.35,TRADE
TAS1,2020/12/16 06:30:00,1231.33,38.89,TRADE
TAS1,2020/12/16 07:00:00,1230.99,40.82,TRADE
TAS1,2020/12/16 07:30:00,1222.14,40.82,TRADE
TAS1,2020/12/16 08:00:00,1227.62,41.16,TRADE
TAS1,2020/12/16 08:30:00,1174.81,20.52,TRADE
TAS1,2020/12/16 09:00:00,1103.28,36.06,TRADE
TAS1,2020/12/16 09:30:00,1087.02,29.27,TRADE
TAS1,2020/12/16 10:00:00,1088.36,16.60,TRADE
TAS1,2020/12/16 10:30:00,1080.7,12.70,TRADE
TAS1,2020/12/16 11:00:00,1095.65,13.10,TRADE
TAS1,2020/12/16 11:30:00,1111.41,19.69,TRADE
TAS1,2020/12/16 12:00:00,1085.69,13.22,TRADE
TAS1,2020/12/16 12:30:00,1071.75,13.02,TRADE
TAS1,2020/12/16 13:00:00,1038.86,12.40,TRADE
TAS1,2020/12/16 13:30:00,1059.89,12.74,TRADE
TAS1,2020/12/16 14:00:00,1072.15,14.58,TRADE
TAS1,2020/12/16 14:30:00,1073.11,41.16,TRADE
TAS1,2020/12/16 15:00:00,1073.38,30.10,TRADE
TAS1,2020/12/16 15:30:00,1018.67,11.38,TRADE
TAS1,2020/12/16 16:00:00,1079.53,31.19,TRADE
TAS1,2020/12/16 16:30:00,1142.31,37.42,TRADE
TAS1,2020/12/16 17:00:00,1177.99,24.02,TRADE
TAS1,2020/12/16 17:30:00,1180.49,22.95,TRADE
TAS1,2020/12/16 18:00:00,1203.77,47.37,TRADE
TAS1,2020/12/16 18:30:00,1178.59,39.04,TRADE
TAS1,2020/12/16 19:00:00,1202.09,30.30,TRADE
TAS1,2020/12/16 19:30:00,1234.5,33.15,TRADE
TAS1,2020/12/16 20:00:00,1181.61,26.72,TRADE
TAS1,2020/12/16 20:30:00,1182.29,32.32,TRADE
TAS1,2020/12/16 21:00:00,1133.11,29.58,TRADE
TAS1,2020/12/16 21:30:00,1094.86,26.22,TRADE
TAS1,2020/12/16 22:00:00,1079.22,17.03,TRADE
TAS1,2020/12/16 22:30:00,1031.15,26.99,TRADE
TAS1,2020/12/16 23:00:00,999.41,26.34,TRADE
TAS1,2020/12/16 23:30:00,1002.02,47.23,TRADE
TAS1,2020/12/17 00:00:00,992.98,49.47,TRADE
TAS1,2020/12/17 00:30:00,989.37,48.41,TRADE
TAS1,2020/12/17 01:00:00,982.04,42.85,TRADE
TAS1,2020/12/17 01:30:00,1021.09,39.45,TRADE
TAS1,2020/12/17 02:00:00,997.7,45.83,TRADE
TAS1,2020/12/17 02:30:00,1021.14,44.45,TRADE
TAS1,2020/12/17 03:00:00,1037.7,48.87,TRADE
TAS1,2020/12/17 03:30:00,1055.12,51.46,TRADE
TAS1,2020/12/17 04:00:00,1066.59,50.84,TRADE
TAS1,2020/12/17 04:30:00,1091.21,48.58,TRADE
TAS1,2020/12/17 05:00:00,1101.33,42.45,TRADE
TAS1,2020/12/17 05:30:00,1159.68,48.34,TRADE
TAS1,2020/12/17 06:00:00,1221.1,46.31,TRADE
TAS1,2020/12/17 06:30:00,1284.8,44.96,TRADE
TAS1,2020/12/17 07:00:00,1330.01,43.52,TRADE
TAS1,2020/12/17 07:30:00,1323.56,62.39,TRADE
TAS1,2020/12/17 08:00:00,1299.54,28.74,TRADE
TAS1,2020/12/17 08:30:00,1217.41,23.42,TRADE
TAS1,2020/12/17 09:00:00,1216.27,21.85,TRADE
TAS1,2020/12/17 09:30:00,1173.52,20.25,TRADE
TAS1,2020/12/17 10:00:00,1146.02,50.42,TRADE
TAS1,2020/12/17 10:30:00,1130.38,41.27,TRADE
TAS1,2020/12/17 11:00:00,1113.01,47.04,TRADE
TAS1,2020/12/17 11:30:00,1109.58,40.43,TRADE
TAS1,2020/12/17 12:00:00,1129.66,52.74,TRADE
TAS1,2020/12/17 12:30:00,1146.89,49.06,TRADE
TAS1,2020/12/17 13:00:00,1149.22,16.58,TRADE
TAS1,2020/12/17 13:30:00,1145.86,32.28,TRADE
TAS1,2020/12/17 14:00:00,1106.56,35.05,TRADE
TAS1,2020/12/17 14:30:00,1124.19,37.73,TRADE
TAS1,2020/12/17 15:00:00,1152.17,40.07,TRADE
TAS1,2020/12/17 15:30:00,1171.84,89.92,TRADE
TAS1,2020/12/17 16:00:00,1168.6,39.39,TRADE
TAS1,2020/12/17 16:30:00,1177.11,39.58,TRADE
TAS1,2020/12/17 17:00:00,1201.11,39.24,TRADE
TAS1,2020/12/17 17:30:00,1209.96,40.25,TRADE
TAS1,2020/12/17 18:00:00,1216.22,41.04,TRADE
TAS1,2020/12/17 18:30:00,1190.1,39.44,TRADE
TAS1,2020/12/17 19:00:00,1181.07,40.17,TRADE
TAS1,2020/12/17 19:30:00,1179.7,38.60,TRADE
TAS1,2020/12/17 20:00:00,1165.43,44.25,TRADE
TAS1,2020/12/17 20:30:00,1169.88,45.51,TRADE
TAS1,2020/12/17 21:00:00,1149.76,41.82,TRADE
TAS1,2020/12/17 21:30:00,1105.15,28.89,TRADE
TAS1,2020/12/17 22:00:00,1054.27,35.78,TRADE
TAS1,2020/12/17 22:30:00,1045.44,38.78,TRADE
TAS1,2020/12/17 23:00:00,1035.13,43.46,TRADE
TAS1,2020/12/17 23:30:00,1014.58,40.93,TRADE
TAS1,2020/12/18 00:00:00,981.24,38.60,TRADE
TAS1,2020/12/18 00:30:00,985.65,38.60,TRADE
TAS1,2020/12/18 01:00:00,930.84,38.73,TRADE
TAS1,2020/12/18 01:30:00,925.28,38.60,TRADE
TAS1,2020/12/18 02:00:00,914.11,38.60,TRADE
TAS1,2020/12/18 02:30:00,904.36,38.60,TRADE
TAS1,2020/12/18 03:00:00,886.99,38.60,TRADE
TAS1,2020/12/18 03:30:00,902.24,35.92,TRADE
TAS1,2020/12/18 04:00:00,909.22,38.60,TRADE
TAS1,2020/12/18 04:30:00,916.79,40.51,TRADE
TAS1,2020/12/18 05:00:00,932.79,17.61,TRADE
TAS1,2020/12/18 05:30:00,997.89,47.20,TRADE
TAS1,2020/12/18 06:00:00,1083.12,39.42,TRADE
TAS1,2020/12/18 06:30:00,1130.62,169.09,TRADE
TAS1,2020/12/18 07:00:00,1138.75,51.15,TRADE
TAS1,2020/12/18 07:30:00,1097.14,39.62,TRADE
TAS1,2020/12/18 08:00:00,1085.47,38.63,TRADE
TAS1,2020/12/18 08:30:00,1076.3,48.17,TRADE
TAS1,2020/12/18 09:00:00,1055.59,42.11,TRADE
TAS1,2020/12/18 09:30:00,1049.48,39.23,TRADE
TAS1,2020/12/18 10:00:00,1015.51,39.04,TRADE
TAS1,2020/12/18 10:30:00,1020.35,2656.84,TRADE
TAS1,2020/12/18 11:00:00,1028.02,40.61,TRADE
TAS1,2020/12/18 11:30:00,1027.66,51.77,TRADE
TAS1,2020/12/18 12:00:00,1027.11,51.92,TRADE
TAS1,2020/12/18 12:30:00,1018.53,38.63,TRADE
TAS1,2020/12/18 13:00:00,1013.42,38.63,TRADE
TAS1,2020/12/18 13:30:00,991.91,38.63,TRADE
TAS1,2020/12/18 14:00:00,1004.02,38.63,TRADE
TAS1,2020/12/18 14:30:00,990.93,34.53,TRADE
TAS1,2020/12/18 15:00:00,988.07,35.37,TRADE
TAS1,2020/12/18 15:30:00,978.23,25.85,TRADE
TAS1,2020/12/18 16:00:00,984.59,37.80,TRADE
TAS1,2020/12/18 16:30:00,996.18,24.22,TRADE
TAS1,2020/12/18 17:00:00,1036.52,38.63,TRADE
TAS1,2020/12/18 17:30:00,1045.05,39.62,TRADE
TAS1,2020/12/18 18:00:00,1057.65,48.62,TRADE
TAS1,2020/12/18 18:30:00,1067.64,40.36,TRADE
TAS1,2020/12/18 19:00:00,1094.69,43.70,TRADE
TAS1,2020/12/18 19:30:00,1102.61,50.91,TRADE
TAS1,2020/12/18 20:00:00,1106.75,54.64,TRADE
TAS1,2020/12/18 20:30:00,1118.29,48.24,TRADE
TAS1,2020/12/18 21:00:00,1137.59,42.61,TRADE
TAS1,2020/12/18 21:30:00,1124.07,39.13,TRADE
TAS1,2020/12/18 22:00:00,1095.24,21.71,TRADE
TAS1,2020/12/18 22:30:00,1071.63,37.37,TRADE
TAS1,2020/12/18 23:00:00,1081.64,37.15,TRADE
TAS1,2020/12/18 23:30:00,1066.62,38.33,TRADE
TAS1,2020/12/19 00:00:00,1028.82,42.21,TRADE
TAS1,2020/12/19 00:30:00,1023.07,46.51,TRADE
TAS1,2020/12/19 01:00:00,1022.49,44.18,TRADE
TAS1,2020/12/19 01:30:00,987.81,39.86,TRADE
TAS1,2020/12/19 02:00:00,991.04,37.01,TRADE
TAS1,2020/12/19 02:30:00,985.74,168.33,TRADE
TAS1,2020/12/19 03:00:00,969.17,88.59,TRADE
TAS1,2020/12/19 03:30:00,961.81,28.54,TRADE
TAS1,2020/12/19 04:00:00,961.76,41.43,TRADE
TAS1,2020/12/19 04:30:00,980.09,41.87,TRADE
TAS1,2020/12/19 05:00:00,1009.42,42.11,TRADE
TAS1,2020/12/19 05:30:00,1025.49,40.31,TRADE
TAS1,2020/12/19 06:00:00,1024.89,38.63,TRADE
TAS1,2020/12/19 06:30:00,1033.03,38.63,TRADE
TAS1,2020/12/19 07:00:00,1068.89,43.26,TRADE
TAS1,2020/12/19 07:30:00,1086.91,46.77,TRADE
TAS1,2020/12/19 08:00:00,1102.95,38.27,TRADE
TAS1,2020/12/19 08:30:00,1091.15,38.84,TRADE
TAS1,2020/12/19 09:00:00,1087.31,51.79,TRADE
TAS1,2020/12/19 09:30:00,1070.22,39.29,TRADE
TAS1,2020/12/19 10:00:00,1057.44,52.52,TRADE
TAS1,2020/12/19 10:30:00,1043.32,52.52,TRADE
TAS1,2020/12/19 11:00:00,1046.57,52.52,TRADE
TAS1,2020/12/19 11:30:00,1042.81,52.52,TRADE
TAS1,2020/12/19 12:00:00,1028.13,45.51,TRADE
TAS1,2020/12/19 12:30:00,1019.38,38.59,TRADE
TAS1,2020/12/19 13:00:00,1007.09,38.52,TRADE
TAS1,2020/12/19 13:30:00,1000.69,38.49,TRADE
TAS1,2020/12/19 14:00:00,988.35,39.88,TRADE
TAS1,2020/12/19 14:30:00,1001.9,39.20,TRADE
TAS1,2020/12/19 15:00:00,1013.77,39.01,TRADE
TAS1,2020/12/19 15:30:00,1022.93,40.15,TRADE
TAS1,2020/12/19 16:00:00,1053.33,48.35,TRADE
TAS1,2020/12/19 16:30:00,1081.32,48.88,TRADE
TAS1,2020/12/19 17:00:00,1106.68,38.63,TRADE
TAS1,2020/12/19 17:30:00,1119.04,38.63,TRADE
TAS1,2020/12/19 18:00:00,1144.15,38.46,TRADE
TAS1,2020/12/19 18:30:00,1152.18,38.63,TRADE
TAS1,2020/12/19 19:00:00,1153.68,28.79,TRADE
TAS1,2020/12/19 19:30:00,1171.56,42.79,TRADE
TAS1,2020/12/19 20:00:00,1173.96,45.06,TRADE
TAS1,2020/12/19 20:30:00,1173.98,38.75,TRADE
TAS1,2020/12/19 21:00:00,1162.47,38.53,TRADE
TAS1,2020/12/19 21:30:00,1138.45,53.05,TRADE
TAS1,2020/12/19 22:00:00,1126.14,52.52,TRADE
TAS1,2020/12/19 22:30:00,1088.58,51.21,TRADE
TAS1,2020/12/19 23:00:00,1039.47,37.57,TRADE
TAS1,2020/12/19 23:30:00,1043.64,38.62,TRADE
TAS1,2020/12/20 00:00:00,1024.1,38.47,TRADE
TAS1,2020/12/20 00:30:00,993.86,36.61,TRADE
TAS1,2020/12/20 01:00:00,996.21,40.49,TRADE
TAS1,2020/12/20 01:30:00,1000.3,34.31,TRADE
TAS1,2020/12/20 02:00:00,999.01,17.41,TRADE
TAS1,2020/12/20 02:30:00,970.19,18.61,TRADE
TAS1,2020/12/20 03:00:00,971.3,14.80,TRADE
TAS1,2020/12/20 03:30:00,1001.72,36.05,TRADE
TAS1,2020/12/20 04:00:00,1006.08,49.04,TRADE
TAS1,2020/12/20 04:30:00,1013.25,38.69,TRADE
TAS1,2020/12/20 05:00:00,1027.57,40.03,TRADE
TAS1,2020/12/20 05:30:00,1037.31,45.86,TRADE
TAS1,2020/12/20 06:00:00,1050.46,43.14,TRADE
TAS1,2020/12/20 06:30:00,1067.8,41.83,TRADE
TAS1,2020/12/20 07:00:00,1098.01,47.31,TRADE
TAS1,2020/12/20 07:30:00,1135.51,107.29,TRADE
TAS1,2020/12/20 08:00:00,1145.26,39.42,TRADE
TAS1,2020/12/20 08:30:00,1168.57,48.61,TRADE
TAS1,2020/12/20 09:00:00,1167.27,42.41,TRADE
TAS1,2020/12/20 09:30:00,1141.3,53.32,TRADE
TAS1,2020/12/20 10:00:00,1135.9,38.94,TRADE
TAS1,2020/12/20 10:30:00,1134.72,38.63,TRADE
TAS1,2020/12/20 11:00:00,1136.24,39.22,TRADE
TAS1,2020/12/20 11:30:00,1131.35,38.63,TRADE
TAS1,2020/12/20 12:00:00,1122.3,38.63,TRADE
TAS1,2020/12/20 12:30:00,1092.5,38.63,TRADE
TAS1,2020/12/20 13:00:00,1079.59,38.63,TRADE
TAS1,2020/12/20 13:30:00,1070.25,38.63,TRADE
TAS1,2020/12/20 14:00:00,1073,38.63,TRADE
TAS1,2020/12/20 14:30:00,1083.53,38.63,TRADE
TAS1,2020/12/20 15:00:00,1088.83,38.63,TRADE
TAS1,2020/12/20 15:30:00,1098.95,38.63,TRADE
TAS1,2020/12/20 16:00:00,1107.01,38.63,TRADE
TAS1,2020/12/20 16:30:00,1124.1,28.29,TRADE
TAS1,2020/12/20 17:00:00,1155.28,43.60,TRADE
TAS1,2020/12/20 17:30:00,1184.46,54.09,TRADE
TAS1,2020/12/20 18:00:00,1194.3,39.18,TRADE
TAS1,2020/12/20 18:30:00,1214.5,52.33,TRADE
TAS1,2020/12/20 19:00:00,1209.45,60.51,TRADE
TAS1,2020/12/20 19:30:00,1208.22,59.37,TRADE
TAS1,2020/12/20 20:00:00,1193.99,53.88,TRADE
TAS1,2020/12/20 20:30:00,1199.24,60.40,TRADE
TAS1,2020/12/20 21:00:00,1184.56,110.17,TRADE
TAS1,2020/12/20 21:30:00,1148.4,61.80,TRADE
TAS1,2020/12/20 22:00:00,1105.61,15.25,TRADE
TAS1,2020/12/20 22:30:00,1070.88,24.66,TRADE
TAS1,2020/12/20 23:00:00,1046.13,25.49,TRADE
TAS1,2020/12/20 23:30:00,1043.57,51.89,TRADE
TAS1,2020/12/21 00:00:00,1033.11,45.50,TRADE
TAS1,2020/12/21 00:30:00,1020.42,38.31,TRADE
TAS1,2020/12/21 01:00:00,1022,38.36,TRADE
TAS1,2020/12/21 01:30:00,1039.75,39.97,TRADE
TAS1,2020/12/21 02:00:00,1040.02,41.97,TRADE
TAS1,2020/12/21 02:30:00,1041.23,39.37,TRADE
TAS1,2020/12/21 03:00:00,1050.04,42.05,TRADE
TAS1,2020/12/21 03:30:00,1045.04,51.01,TRADE
TAS1,2020/12/21 04:00:00,1017.32,39.40,TRADE
TAS1,2020/12/21 04:30:00,1024.97,36.34,TRADE
TAS1,2020/12/21 05:00:00,1063.51,12.44,TRADE
TAS1,2020/12/21 05:30:00,1141.69,23.22,TRADE
TAS1,2020/12/21 06:00:00,1183.95,42.13,TRADE
TAS1,2020/12/21 06:30:00,1212.75,38.53,TRADE
TAS1,2020/12/21 07:00:00,1210.27,38.53,TRADE
TAS1,2020/12/21 07:30:00,1204.23,38.74,TRADE
TAS1,2020/12/21 08:00:00,1172.81,38.66,TRADE
TAS1,2020/12/21 08:30:00,1144.62,37.94,TRADE
TAS1,2020/12/21 09:00:00,1112.47,28.33,TRADE
TAS1,2020/12/21 09:30:00,1080.27,36.62,TRADE
TAS1,2020/12/21 10:00:00,1067.92,38.53,TRADE
TAS1,2020/12/21 10:30:00,1063.29,38.53,TRADE
TAS1,2020/12/21 11:00:00,1034.62,38.53,TRADE
TAS1,2020/12/21 11:30:00,1035.77,59.80,TRADE
TAS1,2020/12/21 12:00:00,1053.14,53.45,TRADE
TAS1,2020/12/21 12:30:00,1026.36,43.58,TRADE
TAS1,2020/12/21 13:00:00,1045.29,50.86,TRADE
TAS1,2020/12/21 13:30:00,1054.92,50.95,TRADE
TAS1,2020/12/21 14:00:00,1056.87,47.39,TRADE
TAS1,2020/12/21 14:30:00,1078.71,41.92,TRADE
TAS1,2020/12/21 15:00:00,1082.91,67.08,TRADE
TAS1,2020/12/21 15:30:00,1082.12,46.14,TRADE
TAS1,2020/12/21 16:00:00,1100.63,67.39,TRADE
TAS1,2020/12/21 16:30:00,1110.42,41.30,TRADE
TAS1,2020/12/21 17:00:00,1142.16,38.59,TRADE
TAS1,2020/12/21 17:30:00,1164.12,38.65,TRADE
TAS1,2020/12/21 18:00:00,1174.64,38.15,TRADE
TAS1,2020/12/21 18:30:00,1172.6,35.52,TRADE
TAS1,2020/12/21 19:00:00,1174.41,34.72,TRADE
TAS1,2020/12/21 19:30:00,1176.4,45.88,TRADE
TAS1,2020/12/21 20:00:00,1171.44,43.63,TRADE
TAS1,2020/12/21 20:30:00,1176.33,49.80,TRADE
TAS1,2020/12/21 21:00:00,1156.98,52.87,TRADE
TAS1,2020/12/21 21:30:00,1121.73,51.32,TRADE
TAS1,2020/12/21 22:00:00,1105.23,45.17,TRADE
TAS1,2020/12/21 22:30:00,1091.74,56.23,TRADE
TAS1,2020/12/21 23:00:00,1071.67,46.30,TRADE
TAS1,2020/12/21 23:30:00,1056.52,61,TRADE
TAS1,2020/12/22 00:00:00,1054.89,67.65,TRADE
TAS1,2020/12/22 00:30:00,1029.27,38.08,TRADE
TAS1,2020/12/22 01:00:00,1013.7,31.54,TRADE
TAS1,2020/12/22 01:30:00,999.56,29.82,TRADE
TAS1,2020/12/22 02:00:00,985.75,4.18,TRADE
TAS1,2020/12/22 02:30:00,986.1,8.13,TRADE
TAS1,2020/12/22 03:00:00,982.29,45.60,TRADE
TAS1,2020/12/22 03:30:00,982.98,52.77,TRADE
TAS1,2020/12/22 04:00:00,991.69,52.77,TRADE
TAS1,2020/12/22 04:30:00,1011.97,46.84,TRADE
TAS1,2020/12/22 05:00:00,1026,121.78,TRADE
TAS1,2020/12/22 05:30:00,1057.57,52.79,TRADE
TAS1,2020/12/22 06:00:00,1104.02,54.38,TRADE
TAS1,2020/12/22 06:30:00,1137.33,57.52,TRADE
TAS1,2020/12/22 07:00:00,1163.81,55.36,TRADE
TAS1,2020/12/22 07:30:00,1131.07,45.11,TRADE
TAS1,2020/12/22 08:00:00,1161.34,37.02,TRADE
TAS1,2020/12/22 08:30:00,1161.71,29.02,TRADE
TAS1,2020/12/22 09:00:00,1137.34,36.90,TRADE
TAS1,2020/12/22 09:30:00,1132.03,26.98,TRADE
TAS1,2020/12/22 10:00:00,1106.26,36.81,TRADE
TAS1,2020/12/22 10:30:00,1056.11,21.11,TRADE
TAS1,2020/12/22 11:00:00,1075.23,44.34,TRADE
TAS1,2020/12/22 11:30:00,1056.4,44.34,TRADE
TAS1,2020/12/22 12:00:00,1061.77,44.34,TRADE
TAS1,2020/12/22 12:30:00,1029.96,44.34,TRADE
TAS1,2020/12/22 13:00:00,1011.3,44.34,TRADE
TAS1,2020/12/22 13:30:00,1015.54,44.34,TRADE
TAS1,2020/12/22 14:00:00,1017.86,-22.18,TRADE
TAS1,2020/12/22 14:30:00,1008.84,-11.24,TRADE
TAS1,2020/12/22 15:00:00,988.38,44.34,TRADE
TAS1,2020/12/22 15:30:00,964.21,44.34,TRADE
TAS1,2020/12/22 16:00:00,959.49,44.34,TRADE
TAS1,2020/12/22 16:30:00,958.71,44.34,TRADE
TAS1,2020/12/22 17:00:00,985.4,46.17,TRADE
TAS1,2020/12/22 17:30:00,1015.21,44.83,TRADE
TAS1,2020/12/22 18:00:00,1016.11,44.34,TRADE
TAS1,2020/12/22 18:30:00,1019.6,44.34,TRADE
TAS1,2020/12/22 19:00:00,1016.26,44.34,TRADE
TAS1,2020/12/22 19:30:00,1016.32,44.34,TRADE
TAS1,2020/12/22 20:00:00,1019.8,45.60,TRADE
TAS1,2020/12/22 20:30:00,1001.93,44.83,TRADE
TAS1,2020/12/22 21:00:00,984.33,45.26,TRADE
TAS1,2020/12/22 21:30:00,968.9,48.04,TRADE
TAS1,2020/12/22 22:00:00,967.54,44.34,TRADE
TAS1,2020/12/22 22:30:00,963.81,46.11,TRADE
TAS1,2020/12/22 23:00:00,940.78,44.34,TRADE
TAS1,2020/12/22 23:30:00,920.74,44.34,TRADE
TAS1,2020/12/23 00:00:00,906.51,44.34,TRADE
TAS1,2020/12/23 00:30:00,893.45,47.02,TRADE
TAS1,2020/12/23 01:00:00,897.86,42.32,TRADE
TAS1,2020/12/23 01:30:00,888.07,39.64,TRADE
TAS1,2020/12/23 02:00:00,890.22,31.99,TRADE
TAS1,2020/12/23 02:30:00,893.92,43.97,TRADE
TAS1,2020/12/23 03:00:00,883.21,44.34,TRADE
TAS1,2020/12/23 03:30:00,887.85,45.14,TRADE
TAS1,2020/12/23 04:00:00,867.77,42.60,TRADE
TAS1,2020/12/23 04:30:00,896.01,45.22,TRADE
TAS1,2020/12/23 05:00:00,922.22,47.41,TRADE
TAS1,2020/12/23 05:30:00,959.58,44.38,TRADE
TAS1,2020/12/23 06:00:00,987.18,44.38,TRADE
TAS1,2020/12/23 06:30:00,1027.73,45.49,TRADE
TAS1,2020/12/23 07:00:00,1007.36,41.67,TRADE
TAS1,2020/12/23 07:30:00,980.73,32.82,TRADE
TAS1,2020/12/23 08:00:00,973.92,34.95,TRADE
TAS1,2020/12/23 08:30:00,983.32,41.91,TRADE
TAS1,2020/12/23 09:00:00,991.19,37.56,TRADE
TAS1,2020/12/23 09:30:00,1028.13,40.74,TRADE
TAS1,2020/12/23 10:00:00,1020.39,37.38,TRADE
TAS1,2020/12/23 10:30:00,1018.66,41.27,TRADE
TAS1,2020/12/23 11:00:00,989.77,103.89,TRADE
TAS1,2020/12/23 11:30:00,986.87,33.81,TRADE
TAS1,2020/12/23 12:00:00,976.42,29.86,TRADE
TAS1,2020/12/23 12:30:00,981.17,39.92,TRADE
TAS1,2020/12/23 13:00:00,948.15,33.71,TRADE
TAS1,2020/12/23 13:30:00,954.23,38.50,TRADE
TAS1,2020/12/23 14:00:00,964.67,38.24,TRADE
TAS1,2020/12/23 14:30:00,969.85,41.51,TRADE
TAS1,2020/12/23 15:00:00,975.31,42.09,TRADE
TAS1,2020/12/23 15:30:00,974.5,28.72,TRADE
TAS1,2020/12/23 16:00:00,1027.81,37.92,TRADE
TAS1,2020/12/23 16:30:00,1036.43,44.38,TRADE
TAS1,2020/12/23 17:00:00,1086.1,44.53,TRADE
TAS1,2020/12/23 17:30:00,1109.1,44.80,TRADE
TAS1,2020/12/23 18:00:00,1104.57,54.89,TRADE
TAS1,2020/12/23 18:30:00,1136.53,46.66,TRADE
TAS1,2020/12/23 19:00:00,1139.51,20.20,TRADE
TAS1,2020/12/23 19:30:00,1142.34,32.17,TRADE
TAS1,2020/12/23 20:00:00,1128.32,46.80,TRADE
TAS1,2020/12/23 20:30:00,1127.16,38,TRADE
TAS1,2020/12/23 21:00:00,1104.25,36.05,TRADE
TAS1,2020/12/23 21:30:00,1098.3,28.80,TRADE
TAS1,2020/12/23 22:00:00,1061.18,46.61,TRADE
TAS1,2020/12/23 22:30:00,1038.38,44.80,TRADE
TAS1,2020/12/23 23:00:00,1017.01,37.77,TRADE
TAS1,2020/12/23 23:30:00,1024.41,41.94,TRADE
TAS1,2020/12/24 00:00:00,1008.62,39.02,TRADE
TAS1,2020/12/24 00:30:00,994.08,40.29,TRADE
TAS1,2020/12/24 01:00:00,991.11,41.18,TRADE
TAS1,2020/12/24 01:30:00,983.68,40.72,TRADE
TAS1,2020/12/24 02:00:00,984.24,39.06,TRADE
TAS1,2020/12/24 02:30:00,963.88,32.85,TRADE
TAS1,2020/12/24 03:00:00,953.42,30.75,TRADE
TAS1,2020/12/24 03:30:00,953.6,34.19,TRADE
TAS1,2020/12/24 04:00:00,980.16,35.32,TRADE
TAS1,2020/12/24 04:30:00,998.54,39.72,TRADE
TAS1,2020/12/24 05:00:00,989.54,39.06,TRADE
TAS1,2020/12/24 05:30:00,1019.24,43.13,TRADE
TAS1,2020/12/24 06:00:00,1064.19,44.58,TRADE
TAS1,2020/12/24 06:30:00,1066.03,45.31,TRADE
TAS1,2020/12/24 07:00:00,1073.4,44.37,TRADE
TAS1,2020/12/24 07:30:00,1048.54,44.36,TRADE
TAS1,2020/12/24 08:00:00,1084.28,44.37,TRADE
TAS1,2020/12/24 08:30:00,1104.85,44.38,TRADE
TAS1,2020/12/24 09:00:00,1105.6,44.37,TRADE
TAS1,2020/12/24 09:30:00,1081.55,47.58,TRADE
TAS1,2020/12/24 10:00:00,1071.46,45.97,TRADE
TAS1,2020/12/24 10:30:00,1084.43,173.58,TRADE
TAS1,2020/12/24 11:00:00,1054.09,47.87,TRADE
TAS1,2020/12/24 11:30:00,1001.84,44.38,TRADE
TAS1,2020/12/24 12:00:00,981.04,36.83,TRADE
TAS1,2020/12/24 12:30:00,991.97,44.01,TRADE
TAS1,2020/12/24 13:00:00,962.26,23.57,TRADE
TAS1,2020/12/24 13:30:00,969.32,2.86,TRADE
TAS1,2020/12/24 14:00:00,973.32,-0.41,TRADE
TAS1,2020/12/24 14:30:00,954.46,14.99,TRADE
TAS1,2020/12/24 15:00:00,1005.38,26.84,TRADE
TAS1,2020/12/24 15:30:00,1016.01,13.02,TRADE
TAS1,2020/12/24 16:00:00,1035.19,33.27,TRADE
TAS1,2020/12/24 16:30:00,1022.08,26.56,TRADE
TAS1,2020/12/24 17:00:00,1043.83,27.14,TRADE
TAS1,2020/12/24 17:30:00,1062.35,16.05,TRADE
TAS1,2020/12/24 18:00:00,1074.25,24.50,TRADE
TAS1,2020/12/24 18:30:00,1070.26,31.89,TRADE
TAS1,2020/12/24 19:00:00,1045.96,24.96,TRADE
TAS1,2020/12/24 19:30:00,1070.12,28.74,TRADE
TAS1,2020/12/24 20:00:00,1083.19,33.06,TRADE
TAS1,2020/12/24 20:30:00,1119.25,34.33,TRADE
TAS1,2020/12/24 21:00:00,1073.87,42.68,TRADE
TAS1,2020/12/24 21:30:00,1053.13,43.26,TRADE
TAS1,2020/12/24 22:00:00,1049.11,41.07,TRADE
TAS1,2020/12/24 22:30:00,1022.49,39.24,TRADE
TAS1,2020/12/24 23:00:00,1000.55,19,TRADE
TAS1,2020/12/24 23:30:00,1000.88,35.87,TRADE
TAS1,2020/12/25 00:00:00,996,36.67,TRADE
TAS1,2020/12/25 00:30:00,1004.1,39.50,TRADE
TAS1,2020/12/25 01:00:00,996.09,43.95,TRADE
TAS1,2020/12/25 01:30:00,992.1,40.54,TRADE
TAS1,2020/12/25 02:00:00,988.81,44.05,TRADE
TAS1,2020/12/25 02:30:00,983.43,45.12,TRADE
TAS1,2020/12/25 03:00:00,978.5,44.38,TRADE
TAS1,2020/12/25 03:30:00,985.18,44.38,TRADE
TAS1,2020/12/25 04:00:00,995.2,44.87,TRADE
TAS1,2020/12/25 04:30:00,1001.56,44.38,TRADE
TAS1,2020/12/25 05:00:00,1005.69,44.38,TRADE
TAS1,2020/12/25 05:30:00,1024.42,44.44,TRADE
TAS1,2020/12/25 06:00:00,1047.45,44.38,TRADE
TAS1,2020/12/25 06:30:00,1082.75,47.60,TRADE
TAS1,2020/12/25 07:00:00,1096.85,44.38,TRADE
TAS1,2020/12/25 07:30:00,1111.26,44.38,TRADE
TAS1,2020/12/25 08:00:00,1112.38,44.38,TRADE
TAS1,2020/12/25 08:30:00,1116.14,44.38,TRADE
TAS1,2020/12/25 09:00:00,1109.04,45.03,TRADE
TAS1,2020/12/25 09:30:00,1090.86,44.38,TRADE
TAS1,2020/12/25 10:00:00,1061.19,44.38,TRADE
TAS1,2020/12/25 10:30:00,1030.73,44.38,TRADE
TAS1,2020/12/25 11:00:00,1003.22,44.38,TRADE
TAS1,2020/12/25 11:30:00,971.12,44.38,TRADE
TAS1,2020/12/25 12:00:00,941.39,44.38,TRADE
TAS1,2020/12/25 12:30:00,901.01,44.38,TRADE
TAS1,2020/12/25 13:00:00,896.41,44.38,TRADE
TAS1,2020/12/25 13:30:00,906.17,44.38,TRADE
TAS1,2020/12/25 14:00:00,906.09,44.38,TRADE
TAS1,2020/12/25 14:30:00,915.8,44.38,TRADE
TAS1,2020/12/25 15:00:00,915.12,44.38,TRADE
TAS1,2020/12/25 15:30:00,932.55,44.38,TRADE
TAS1,2020/12/25 16:00:00,947.31,44.38,TRADE
TAS1,2020/12/25 16:30:00,968.75,44.38,TRADE
TAS1,2020/12/25 17:00:00,984.54,44.39,TRADE
TAS1,2020/12/25 17:30:00,1007.55,44.38,TRADE
TAS1,2020/12/25 18:00:00,1026.75,45.52,TRADE
TAS1,2020/12/25 18:30:00,1042.18,47.04,TRADE
TAS1,2020/12/25 19:00:00,1051.86,44.38,TRADE
TAS1,2020/12/25 19:30:00,1077.91,45.11,TRADE
TAS1,2020/12/25 20:00:00,1073.95,44.67,TRADE
TAS1,2020/12/25 20:30:00,1069.91,44.38,TRADE
TAS1,2020/12/25 21:00:00,1079.89,44.75,TRADE
TAS1,2020/12/25 21:30:00,1083.11,44.54,TRADE
TAS1,2020/12/25 22:00:00,1062.38,44.38,TRADE
TAS1,2020/12/25 22:30:00,1030.69,44.38,TRADE
TAS1,2020/12/25 23:00:00,1016.61,45.14,TRADE
TAS1,2020/12/25 23:30:00,1001.7,45.97,TRADE
TAS1,2020/12/26 00:00:00,991.42,44.38,TRADE
TAS1,2020/12/26 00:30:00,983.25,44.38,TRADE
TAS1,2020/12/26 01:00:00,974.9,44.38,TRADE
TAS1,2020/12/26 01:30:00,973.66,44.38,TRADE
TAS1,2020/12/26 02:00:00,973.49,44.38,TRADE
TAS1,2020/12/26 02:30:00,959.93,44.38,TRADE
TAS1,2020/12/26 03:00:00,969.08,45.70,TRADE
TAS1,2020/12/26 03:30:00,952.69,45.03,TRADE
TAS1,2020/12/26 04:00:00,955.94,44.69,TRADE
TAS1,2020/12/26 04:30:00,970.35,45.09,TRADE
TAS1,2020/12/26 05:00:00,982.03,44.38,TRADE
TAS1,2020/12/26 05:30:00,985.87,44.38,TRADE
TAS1,2020/12/26 06:00:00,980.19,44.38,TRADE
TAS1,2020/12/26 06:30:00,981.39,44.38,TRADE
TAS1,2020/12/26 07:00:00,995.04,44.38,TRADE
TAS1,2020/12/26 07:30:00,1006.55,44.38,TRADE
TAS1,2020/12/26 08:00:00,1009.87,44.38,TRADE
TAS1,2020/12/26 08:30:00,1013.95,44.38,TRADE
TAS1,2020/12/26 09:00:00,1010.63,44.38,TRADE
TAS1,2020/12/26 09:30:00,1015.61,44.39,TRADE
TAS1,2020/12/26 10:00:00,1007.04,44.38,TRADE
TAS1,2020/12/26 10:30:00,1011.76,44.38,TRADE
TAS1,2020/12/26 11:00:00,988.89,44.38,TRADE
TAS1,2020/12/26 11:30:00,965.59,43.43,TRADE
TAS1,2020/12/26 12:00:00,944.79,42.99,TRADE
TAS1,2020/12/26 12:30:00,935.8,44.38,TRADE
TAS1,2020/12/26 13:00:00,933.21,43.52,TRADE
TAS1,2020/12/26 13:30:00,933.29,43.71,TRADE
TAS1,2020/12/26 14:00:00,946.27,44.38,TRADE
TAS1,2020/12/26 14:30:00,954.65,44.38,TRADE
TAS1,2020/12/26 15:00:00,968.62,44.38,TRADE
TAS1,2020/12/26 15:30:00,978.19,44.38,TRADE
TAS1,2020/12/26 16:00:00,979.79,43.71,TRADE
TAS1,2020/12/26 16:30:00,988.82,44.44,TRADE
TAS1,2020/12/26 17:00:00,1029.37,42.48,TRADE
TAS1,2020/12/26 17:30:00,1051.48,41.77,TRADE
TAS1,2020/12/26 18:00:00,1071.4,46.90,TRADE
TAS1,2020/12/26 18:30:00,1064.08,48.30,TRADE
TAS1,2020/12/26 19:00:00,1081.78,51.35,TRADE
TAS1,2020/12/26 19:30:00,1083.3,54.68,TRADE
TAS1,2020/12/26 20:00:00,1073.56,50,TRADE
TAS1,2020/12/26 20:30:00,1069.18,47.37,TRADE
TAS1,2020/12/26 21:00:00,1044.85,47.45,TRADE
TAS1,2020/12/26 21:30:00,1030.76,44.49,TRADE
TAS1,2020/12/26 22:00:00,1023.06,39.37,TRADE
TAS1,2020/12/26 22:30:00,986.63,41.71,TRADE
TAS1,2020/12/26 23:00:00,989.65,35.52,TRADE
TAS1,2020/12/26 23:30:00,967.81,39.43,TRADE
TAS1,2020/12/27 00:00:00,955.33,40.19,TRADE
TAS1,2020/12/27 00:30:00,937.05,34.65,TRADE
TAS1,2020/12/27 01:00:00,914.03,45.07,TRADE
TAS1,2020/12/27 01:30:00,922.35,41.07,TRADE
TAS1,2020/12/27 02:00:00,909,28.90,TRADE
TAS1,2020/12/27 02:30:00,907.18,7.59,TRADE
TAS1,2020/12/27 03:00:00,910.21,5.67,TRADE
TAS1,2020/12/27 03:30:00,906.23,4.22,TRADE
TAS1,2020/12/27 04:00:00,902.01,-20.68,TRADE
TAS1,2020/12/27 04:30:00,889.46,-11.63,TRADE
TAS1,2020/12/27 05:00:00,895.06,-36.98,TRADE
TAS1,2020/12/27 05:30:00,913.72,-34.53,TRADE
TAS1,2020/12/27 06:00:00,905.07,-42.42,TRADE
TAS1,2020/12/27 06:30:00,927.01,-13.67,TRADE
TAS1,2020/12/27 07:00:00,945.65,-11.79,TRADE
TAS1,2020/12/27 07:30:00,969.66,-9.07,TRADE
TAS1,2020/12/27 08:00:00,1009.94,2.82,TRADE
TAS1,2020/12/27 08:30:00,1030.27,47.26,TRADE
TAS1,2020/12/27 09:00:00,1011.77,47.07,TRADE
TAS1,2020/12/27 09:30:00,1045.69,118.61,TRADE
TAS1,2020/12/27 10:00:00,1069.27,103.09,TRADE
TAS1,2020/12/27 10:30:00,1026.33,44.36,TRADE
TAS1,2020/12/27 11:00:00,1027.25,42.48,TRADE
TAS1,2020/12/27 11:30:00,1030.58,44.36,TRADE
TAS1,2020/12/27 12:00:00,1047.11,44.36,TRADE
TAS1,2020/12/27 12:30:00,1068.23,53.36,TRADE
TAS1,2020/12/27 13:00:00,1059.71,63.79,TRADE
TAS1,2020/12/27 13:30:00,1038.75,44.36,TRADE
TAS1,2020/12/27 14:00:00,1079.2,55.87,TRADE
TAS1,2020/12/27 14:30:00,1082.69,53.75,TRADE
TAS1,2020/12/27 15:00:00,1023.92,44.36,TRADE
TAS1,2020/12/27 15:30:00,989.56,20.45,TRADE
TAS1,2020/12/27 16:00:00,1000.98,3.62,TRADE
TAS1,2020/12/27 16:30:00,1018.65,27.90,TRADE
TAS1,2020/12/27 17:00:00,1055.32,44.36,TRADE
TAS1,2020/12/27 17:30:00,1074.89,35.95,TRADE
TAS1,2020/12/27 18:00:00,1108.91,43.99,TRADE
TAS1,2020/12/27 18:30:00,1125.76,43.99,TRADE
TAS1,2020/12/27 19:00:00,1083.29,40.89,TRADE
TAS1,2020/12/27 19:30:00,1064.15,42.43,TRADE
TAS1,2020/12/27 20:00:00,1066.97,43.08,TRADE
TAS1,2020/12/27 20:30:00,1077.56,44.36,TRADE
TAS1,2020/12/27 21:00:00,1056.05,41.98,TRADE
TAS1,2020/12/27 21:30:00,1037.46,35.74,TRADE
TAS1,2020/12/27 22:00:00,1007.27,14.03,TRADE
TAS1,2020/12/27 22:30:00,995.15,18.36,TRADE
TAS1,2020/12/27 23:00:00,990.18,32.14,TRADE
TAS1,2020/12/27 23:30:00,971.15,33.11,TRADE
TAS1,2020/12/28 00:00:00,953.56,40.67,TRADE
TAS1,2020/12/28 00:30:00,946.18,31.12,TRADE
TAS1,2020/12/28 01:00:00,924.83,16.58,TRADE
TAS1,2020/12/28 01:30:00,958.98,49.68,TRADE
TAS1,2020/12/28 02:00:00,943.69,49.68,TRADE
TAS1,2020/12/28 02:30:00,943.64,39.97,TRADE
TAS1,2020/12/28 03:00:00,955.29,39.74,TRADE
TAS1,2020/12/28 03:30:00,954.52,27.21,TRADE
TAS1,2020/12/28 04:00:00,964.55,36.80,TRADE
TAS1,2020/12/28 04:30:00,965.74,40.70,TRADE
TAS1,2020/12/28 05:00:00,987.65,49.58,TRADE
TAS1,2020/12/28 05:30:00,1012.26,44.36,TRADE
TAS1,2020/12/28 06:00:00,1020.23,44.36,TRADE
TAS1,2020/12/28 06:30:00,1007.81,44.36,TRADE
TAS1,2020/12/28 07:00:00,965.66,44.36,TRADE
TAS1,2020/12/28 07:30:00,1077.15,68.82,TRADE
TAS1,2020/12/28 08:00:00,1066.2,64.24,TRADE
TAS1,2020/12/28 08:30:00,1044.45,47.37,TRADE
TAS1,2020/12/28 09:00:00,1025.89,48.36,TRADE
TAS1,2020/12/28 09:30:00,1012.39,48.32,TRADE
TAS1,2020/12/28 10:00:00,1004.97,48.28,TRADE
TAS1,2020/12/28 10:30:00,992.86,46.08,TRADE
TAS1,2020/12/28 11:00:00,970.23,46.68,TRADE
TAS1,2020/12/28 11:30:00,963.51,53.55,TRADE
TAS1,2020/12/28 12:00:00,958.58,44.36,TRADE
TAS1,2020/12/28 12:30:00,944.84,44.36,TRADE
TAS1,2020/12/28 13:00:00,947.77,48.77,TRADE
TAS1,2020/12/28 13:30:00,950.71,44.36,TRADE
TAS1,2020/12/28 14:00:00,954.09,45.97,TRADE
TAS1,2020/12/28 14:30:00,968.11,59.63,TRADE
TAS1,2020/12/28 15:00:00,981.21,44.36,TRADE
TAS1,2020/12/28 15:30:00,993.56,44.36,TRADE
TAS1,2020/12/28 16:00:00,988.61,44.36,TRADE
TAS1,2020/12/28 16:30:00,977.46,45.91,TRADE
TAS1,2020/12/28 17:00:00,1006.32,46.09,TRADE
TAS1,2020/12/28 17:30:00,1044.96,44.36,TRADE
TAS1,2020/12/28 18:00:00,1057.14,44.36,TRADE
TAS1,2020/12/28 18:30:00,1057.13,38.62,TRADE
TAS1,2020/12/28 19:00:00,1081.69,44.75,TRADE
TAS1,2020/12/28 19:30:00,1073.3,44.36,TRADE
TAS1,2020/12/28 20:00:00,1087.44,44.36,TRADE
TAS1,2020/12/28 20:30:00,1092.55,44.36,TRADE
TAS1,2020/12/28 21:00:00,1078.34,44.36,TRADE
TAS1,2020/12/28 21:30:00,1071.31,44.48,TRADE
TAS1,2020/12/28 22:00:00,1071.99,44.76,TRADE
TAS1,2020/12/28 22:30:00,1055.36,45.05,TRADE
TAS1,2020/12/28 23:00:00,1041.91,43.98,TRADE
TAS1,2020/12/28 23:30:00,1023.83,44.36,TRADE
TAS1,2020/12/29 00:00:00,993.5,43.80,TRADE
TAS1,2020/12/29 00:30:00,992.85,43.71,TRADE
TAS1,2020/12/29 01:00:00,987.73,44.36,TRADE
TAS1,2020/12/29 01:30:00,990.92,44.39,TRADE
TAS1,2020/12/29 02:00:00,984.92,43.75,TRADE
TAS1,2020/12/29 02:30:00,982.05,42.44,TRADE
TAS1,2020/12/29 03:00:00,985.42,41.48,TRADE
TAS1,2020/12/29 03:30:00,994.09,42.74,TRADE
TAS1,2020/12/29 04:00:00,998.22,42.74,TRADE
TAS1,2020/12/29 04:30:00,1000.78,43.09,TRADE
TAS1,2020/12/29 05:00:00,1008.3,44.21,TRADE
TAS1,2020/12/29 05:30:00,1022.21,44.48,TRADE
TAS1,2020/12/29 06:00:00,1022.98,44.75,TRADE
TAS1,2020/12/29 06:30:00,1049.14,44.34,TRADE
TAS1,2020/12/29 07:00:00,1060.92,42.35,TRADE
TAS1,2020/12/29 07:30:00,1047.2,38.76,TRADE
TAS1,2020/12/29 08:00:00,1076.6,44.01,TRADE
TAS1,2020/12/29 08:30:00,1059.12,44.34,TRADE
TAS1,2020/12/29 09:00:00,1072.06,44.67,TRADE
TAS1,2020/12/29 09:30:00,1078.64,45.28,TRADE
TAS1,2020/12/29 10:00:00,1075.11,45.34,TRADE
TAS1,2020/12/29 10:30:00,1101.19,61.65,TRADE
TAS1,2020/12/29 11:00:00,1088.23,44.34,TRADE
TAS1,2020/12/29 11:30:00,1059.82,44.91,TRADE
TAS1,2020/12/29 12:00:00,1041.25,44.49,TRADE
TAS1,2020/12/29 12:30:00,1017.59,31.83,TRADE
TAS1,2020/12/29 13:00:00,1000.99,50.18,TRADE
TAS1,2020/12/29 13:30:00,1009.05,44.34,TRADE
TAS1,2020/12/29 14:00:00,1026.04,44.34,TRADE
TAS1,2020/12/29 14:30:00,1009.49,44.34,TRADE
TAS1,2020/12/29 15:00:00,1028.81,44.34,TRADE
TAS1,2020/12/29 15:30:00,1046.02,44.34,TRADE
TAS1,2020/12/29 16:00:00,1073.25,44.34,TRADE
TAS1,2020/12/29 16:30:00,1062.19,42.75,TRADE
TAS1,2020/12/29 17:00:00,1106.57,44.81,TRADE
TAS1,2020/12/29 17:30:00,1121.64,44.59,TRADE
TAS1,2020/12/29 18:00:00,1139.4,44.34,TRADE
TAS1,2020/12/29 18:30:00,1136.66,44.34,TRADE
TAS1,2020/12/29 19:00:00,1138.56,44.34,TRADE
TAS1,2020/12/29 19:30:00,1149.93,44.34,TRADE
TAS1,2020/12/29 20:00:00,1150.11,44.34,TRADE
TAS1,2020/12/29 20:30:00,1147.64,45.11,TRADE
TAS1,2020/12/29 21:00:00,1138.23,44.34,TRADE
TAS1,2020/12/29 21:30:00,1117.63,44.34,TRADE
TAS1,2020/12/29 22:00:00,1114.36,43.97,TRADE
TAS1,2020/12/29 22:30:00,1088.36,44.87,TRADE
TAS1,2020/12/29 23:00:00,1056.32,44.04,TRADE
TAS1,2020/12/29 23:30:00,1026.55,44.34,TRADE
TAS1,2020/12/30 00:00:00,1014.85,44.56,TRADE
TAS1,2020/12/30 00:30:00,1005.43,44.34,TRADE
TAS1,2020/12/30 01:00:00,994.14,44.52,TRADE
TAS1,2020/12/30 01:30:00,989.63,44.50,TRADE
TAS1,2020/12/30 02:00:00,996.81,44.34,TRADE
TAS1,2020/12/30 02:30:00,1000.47,44.34,TRADE
TAS1,2020/12/30 03:00:00,1003.72,44.34,TRADE
TAS1,2020/12/30 03:30:00,1002.87,44.34,TRADE
TAS1,2020/12/30 04:00:00,1002.2,44.34,TRADE
TAS1,2020/12/30 04:30:00,1014.09,44.34,TRADE
TAS1,2020/12/30 05:00:00,1031.59,44.40,TRADE
TAS1,2020/12/30 05:30:00,1052.68,44.81,TRADE
TAS1,2020/12/30 06:00:00,1073.49,44.34,TRADE
TAS1,2020/12/30 06:30:00,1080.12,44.39,TRADE
TAS1,2020/12/30 07:00:00,1086.06,45.45,TRADE
TAS1,2020/12/30 07:30:00,1089.83,45.30,TRADE
TAS1,2020/12/30 08:00:00,1083.96,45.33,TRADE
TAS1,2020/12/30 08:30:00,1071.21,50.36,TRADE
TAS1,2020/12/30 09:00:00,1075.48,50.36,TRADE
TAS1,2020/12/30 09:30:00,1038.65,49.01,TRADE
TAS1,2020/12/30 10:00:00,995.73,46.24,TRADE
TAS1,2020/12/30 10:30:00,993.4,44.34,TRADE
TAS1,2020/12/30 11:00:00,987.33,50.36,TRADE
TAS1,2020/12/30 11:30:00,992.42,50.36,TRADE
TAS1,2020/12/30 12:00:00,971.03,50.36,TRADE
TAS1,2020/12/30 12:30:00,970.23,50.36,TRADE
TAS1,2020/12/30 13:00:00,960.88,50.36,TRADE
TAS1,2020/12/30 13:30:00,965.22,50.36,TRADE
TAS1,2020/12/30 14:00:00,991.3,50.36,TRADE
TAS1,2020/12/30 14:30:00,1006.15,118.96,TRADE
TAS1,2020/12/30 15:00:00,1013.73,139.97,TRADE
TAS1,2020/12/30 15:30:00,1026.38,50.38,TRADE
TAS1,2020/12/30 16:00:00,1054.67,65.24,TRADE
TAS1,2020/12/30 16:30:00,1079.76,50.38,TRADE
TAS1,2020/12/30 17:00:00,1104.15,50.36,TRADE
TAS1,2020/12/30 17:30:00,1115.99,45.54,TRADE
TAS1,2020/12/30 18:00:00,1120.67,46.47,TRADE
TAS1,2020/12/30 18:30:00,1118.29,48.04,TRADE
TAS1,2020/12/30 19:00:00,1125.86,50.47,TRADE
TAS1,2020/12/30 19:30:00,1117.92,49.93,TRADE
TAS1,2020/12/30 20:00:00,1111.28,50.36,TRADE
TAS1,2020/12/30 20:30:00,1112.71,48.90,TRADE
TAS1,2020/12/30 21:00:00,1104.89,45.83,TRADE
TAS1,2020/12/30 21:30:00,1098.47,46.73,TRADE
TAS1,2020/12/30 22:00:00,1074.25,50.36,TRADE
TAS1,2020/12/30 22:30:00,1044.22,50.36,TRADE
TAS1,2020/12/30 23:00:00,1022.83,46.54,TRADE
TAS1,2020/12/30 23:30:00,998.32,46.04,TRADE
TAS1,2020/12/31 00:00:00,977.57,45.64,TRADE
TAS1,2020/12/31 00:30:00,974.14,44.92,TRADE
TAS1,2020/12/31 01:00:00,973.23,44.34,TRADE
TAS1,2020/12/31 01:30:00,967.11,49.64,TRADE
TAS1,2020/12/31 02:00:00,961.58,48.99,TRADE
TAS1,2020/12/31 02:30:00,975.32,113.34,TRADE
TAS1,2020/12/31 03:00:00,994.22,50.36,TRADE
TAS1,2020/12/31 03:30:00,1003.41,50.36,TRADE
TAS1,2020/12/31 04:00:00,1009.81,50.36,TRADE
TAS1,2020/12/31 04:30:00,1019.11,79.38,TRADE
TAS1,2020/12/31 05:00:00,1033.11,79.38,TRADE
TAS1,2020/12/31 05:30:00,1050.14,79.38,TRADE
TAS1,2020/12/31 06:00:00,1040.84,66.26,TRADE
TAS1,2020/12/31 06:30:00,1063.32,72.15,TRADE
TAS1,2020/12/31 07:00:00,1095.03,42.02,TRADE
TAS1,2020/12/31 07:30:00,1105.34,50.26,TRADE
TAS1,2020/12/31 08:00:00,1128.91,79.36,TRADE
TAS1,2020/12/31 08:30:00,1143.11,79.36,TRADE
TAS1,2020/12/31 09:00:00,1125.72,79.38,TRADE
TAS1,2020/12/31 09:30:00,1106.7,79.37,TRADE
TAS1,2020/12/31 10:00:00,1108.51,79.38,TRADE
TAS1,2020/12/31 10:30:00,1112.78,79.37,TRADE
TAS1,2020/12/31 11:00:00,1101.73,71.86,TRADE
TAS1,2020/12/31 11:30:00,1092.52,79.38,TRADE
TAS1,2020/12/31 12:00:00,1076.94,79.38,TRADE
TAS1,2020/12/31 12:30:00,1073.79,79.38,TRADE
TAS1,2020/12/31 13:00:00,1070.41,79.37,TRADE
TAS1,2020/12/31 13:30:00,1081.21,71.86,TRADE
TAS1,2020/12/31 14:00:00,1081.55,79.36,TRADE
TAS1,2020/12/31 14:30:00,1076.88,42.39,TRADE
TAS1,2020/12/31 15:00:00,1089.87,35.18,TRADE
TAS1,2020/12/31 15:30:00,1106.83,40.88,TRADE
TAS1,2020/12/31 16:00:00,1129.28,57.94,TRADE
TAS1,2020/12/31 16:30:00,1136.49,72.22,TRADE
TAS1,2020/12/31 17:00:00,1164.9,44.36,TRADE
TAS1,2020/12/31 17:30:00,1167.01,53.42,TRADE
TAS1,2020/12/31 18:00:00,1159.51,35.80,TRADE
TAS1,2020/12/31 18:30:00,1148.63,35.43,TRADE
TAS1,2020/12/31 19:00:00,1131.18,37.74,TRADE
TAS1,2020/12/31 19:30:00,1120.83,79.36,TRADE
TAS1,2020/12/31 20:00:00,1123.79,79.37,TRADE
TAS1,2020/12/31 20:30:00,1100.93,79.38,TRADE
TAS1,2020/12/31 21:00:00,1088.24,79.38,TRADE
TAS1,2020/12/31 21:30:00,1088.82,79.38,TRADE
TAS1,2020/12/31 22:00:00,1076.86,79.38,TRADE
TAS1,2020/12/31 22:30:00,1055.81,79.36,TRADE
TAS1,2020/12/31 23:00:00,1031.52,79.36,TRADE
TAS1,2020/12/31 23:30:00,1007.59,74.60,TRADE
TAS1,2021/01/01 00:00:00,988.45,46.38,TRADE
